spot_id,timestamp,latitude,longitude,area,is_shaded,is_near_entrance,day_of_week,time_of_day,status
A1,2025-04-09 12:51:00,30.05974799383806,31.484080425094874,B6,1,0,Monday,afternoon,1
A2,2025-04-05 17:15:00,30.064707755551105,31.49210875478949,B4,1,0,Thursday,evening,0
A3,2025-04-16 08:04:00,30.063438417984287,31.48781357158082,B1,0,1,Monday,morning,1
A4,2025-04-11 03:48:00,30.064072571058286,31.490413079327602,B13,0,1,Wednesday,night,0
A5,2025-04-03 19:18:00,30.056372484299064,31.48625403420957,B6,0,0,Tuesday,evening,0
A6,2025-04-20 13:09:00,30.062904137936826,31.489298431889527,B17,1,1,Friday,afternoon,1
A7,2025-04-23 14:25:00,30.06056982073655,31.491525563555324,B12,0,0,Monday,afternoon,1
A8,2025-04-24 22:27:00,30.05522369461409,31.49370639082765,B19,0,1,Tuesday,night,0
A9,2025-04-04 04:03:00,30.061171487593203,31.486911396467768,B14,1,0,Wednesday,night,1
A10,2025-04-26 09:01:00,30.059822416884828,31.49296255032448,B4,1,1,Thursday,morning,1
A11,2025-04-26 22:36:00,30.058488271107155,31.484451774593897,B10,0,1,Thursday,night,0
A12,2025-04-18 03:01:00,30.061247779809424,31.493394590244826,B5,1,1,Wednesday,night,1
A13,2025-04-16 04:25:00,30.063992663967962,31.493428734024384,B12,1,1,Monday,night,0
A14,2025-04-12 18:36:00,30.062982897709862,31.486043546520364,B10,1,1,Thursday,evening,1
A15,2025-04-15 01:26:00,30.05680504913989,31.487024759309733,B7,1,1,Sunday,night,1
A16,2025-04-10 11:28:00,30.0553248610986,31.49237600957593,B10,0,0,Tuesday,morning,0
A17,2025-04-21 15:00:00,30.05896672650026,31.489553148681587,B20,0,0,Saturday,afternoon,0
A18,2025-04-30 03:48:00,30.06299316297063,31.493485834686794,B2,0,0,Monday,night,1
A19,2025-04-27 12:11:00,30.058829440150802,31.49135767866784,B6,1,1,Friday,afternoon,1
A20,2025-04-09 01:10:00,30.05506412039498,31.485961743947538,B18,0,0,Monday,night,1
A21,2025-04-21 13:59:00,30.05607014593806,31.492805695132606,B20,1,1,Saturday,afternoon,1
A22,2025-04-27 01:23:00,30.058015518257925,31.48954209350564,B5,1,1,Friday,night,0
A23,2025-04-10 23:07:00,30.06146896672161,31.49043357869559,B15,1,0,Tuesday,night,0
A24,2025-04-08 07:33:00,30.064336450764007,31.486023880108974,B7,1,0,Sunday,morning,1
A25,2025-04-05 05:54:00,30.063660091763737,31.485267815996803,B4,1,0,Thursday,night,0
A26,2025-04-29 00:36:00,30.058877991135827,31.48885765567451,B8,1,0,Sunday,night,0
A27,2025-04-07 05:56:00,30.055485508947818,31.490104910328714,B11,1,0,Saturday,night,1
A28,2025-04-13 23:41:00,30.056089082488405,31.489854933506308,B5,0,1,Friday,night,0
A29,2025-04-22 06:16:00,30.05736251739548,31.490595053254705,B18,1,0,Sunday,morning,1
A30,2025-04-29 16:08:00,30.062787748560158,31.49247029401956,B14,1,0,Sunday,afternoon,0
A31,2025-04-13 02:09:00,30.0635349253133,31.492278361485457,B2,1,0,Friday,night,0
A32,2025-04-02 21:57:00,30.056409657137532,31.48741887411558,B7,0,0,Monday,night,0
A33,2025-04-28 05:03:00,30.05609443275265,31.489743948321347,B3,1,0,Saturday,night,0
A34,2025-04-28 10:02:00,30.05893010464172,31.493454589701674,B9,1,1,Saturday,morning,0
A35,2025-04-25 13:35:00,30.063546188009607,31.485274128213426,B7,0,1,Wednesday,afternoon,0
A36,2025-04-24 15:17:00,30.058557395811288,31.49049903681205,B16,0,1,Tuesday,afternoon,0
A37,2025-04-07 00:33:00,30.05823757199109,31.484070769153533,B5,1,1,Saturday,night,0
A38,2025-04-02 18:20:00,30.062235694358485,31.49020718105365,B2,0,0,Monday,evening,0
A39,2025-04-16 05:00:00,30.056927181144566,31.48806732914213,B10,1,1,Monday,night,1
A40,2025-04-25 00:19:00,30.06366985176276,31.48598035253388,B13,1,0,Wednesday,night,0
A41,2025-04-29 13:02:00,30.056551556558894,31.489924875927095,B17,0,0,Sunday,afternoon,0
A42,2025-04-13 11:57:00,30.057250646884054,31.493672050470643,B13,1,1,Friday,morning,1
A43,2025-04-25 12:55:00,30.056402787153417,31.492166134457708,B8,1,0,Wednesday,afternoon,1
A44,2025-04-17 00:15:00,30.055322406428743,31.488238921685618,B15,0,0,Tuesday,night,1
A45,2025-04-30 21:53:00,30.061097507661586,31.485012756695124,B17,0,0,Monday,night,1
A46,2025-04-09 08:57:00,30.05826557172437,31.489509082050937,B15,0,1,Monday,morning,1
A47,2025-04-03 10:58:00,30.06027278373227,31.484805597166044,B12,1,0,Tuesday,morning,0
A48,2025-04-23 22:30:00,30.056348147790022,31.492449142160226,B19,1,1,Monday,night,1
A49,2025-04-05 22:03:00,30.05599079112052,31.486285790915105,B8,0,1,Thursday,night,1
A50,2025-04-25 16:07:00,30.059736722066262,31.488319321284944,B3,0,1,Wednesday,afternoon,1
A51,2025-04-30 09:57:00,30.059437450862,31.48923820286819,B17,1,1,Monday,morning,1
A52,2025-04-03 08:26:00,30.06381928725197,31.486050590232864,B8,0,0,Tuesday,morning,1
A53,2025-04-01 15:22:00,30.06153965113683,31.493234922011453,B4,1,1,Sunday,afternoon,1
A54,2025-04-17 05:09:00,30.055226201295724,31.489023528668746,B7,1,1,Tuesday,night,1
A55,2025-04-30 12:36:00,30.059824964330712,31.49131931814962,B6,0,1,Monday,afternoon,0
A56,2025-05-01 02:04:00,30.062013929901163,31.48440554714019,B2,1,0,Tuesday,night,0
A57,2025-04-04 11:29:00,30.055627317605627,31.49141952658315,B17,0,0,Wednesday,morning,0
A58,2025-04-16 20:31:00,30.05848341731729,31.487085207480394,B6,0,1,Monday,evening,0
A59,2025-04-28 23:45:00,30.05777784706085,31.491177616234737,B1,0,1,Saturday,night,1
A60,2025-04-20 18:02:00,30.058846296517494,31.486953261927482,B9,1,0,Friday,evening,0
A61,2025-04-11 08:39:00,30.058046361719576,31.492776026672132,B2,0,0,Wednesday,morning,1
A62,2025-04-11 07:04:00,30.064715868527763,31.48425605388234,B4,0,1,Wednesday,morning,0
A63,2025-04-26 11:43:00,30.06145699780316,31.48667549793967,B10,0,1,Thursday,morning,1
A64,2025-04-18 15:39:00,30.05947297137365,31.4856349063582,B11,0,0,Wednesday,afternoon,1
A65,2025-04-12 16:02:00,30.055804822657468,31.4841006264494,B7,1,0,Thursday,afternoon,1
A66,2025-04-16 16:48:00,30.06134943279848,31.484281225831168,B8,1,1,Monday,afternoon,1
A67,2025-04-22 04:32:00,30.064796692070242,31.486302585859058,B18,1,0,Sunday,night,0
A68,2025-04-04 03:40:00,30.062136005450867,31.489403023677593,B13,1,0,Wednesday,night,0
A69,2025-04-27 06:34:00,30.06311340175787,31.487121117911798,B12,0,0,Friday,morning,0
A70,2025-04-12 23:03:00,30.061692457387984,31.484764898786413,B4,0,1,Thursday,night,0
A71,2025-04-07 17:52:00,30.061990194418993,31.48902955604489,B12,1,0,Saturday,evening,0
A72,2025-04-06 14:25:00,30.059136161343094,31.489893266473192,B1,1,0,Friday,afternoon,1
A73,2025-04-25 19:39:00,30.06198471442,31.485719717660402,B16,1,0,Wednesday,evening,0
A74,2025-04-16 10:36:00,30.063381958848375,31.49041074053958,B18,0,0,Monday,morning,1
A75,2025-04-21 14:29:00,30.05638449722586,31.487807769223295,B6,0,0,Saturday,afternoon,0
A76,2025-04-30 07:10:00,30.058198378307676,31.493561968539982,B2,1,1,Monday,morning,1
A77,2025-04-20 08:51:00,30.05606161055398,31.49070456325223,B2,0,0,Friday,morning,0
A78,2025-04-30 23:02:00,30.061766032316363,31.48616313931345,B1,1,1,Monday,night,0
A79,2025-04-03 13:11:00,30.05874281584261,31.485080412199324,B3,0,1,Tuesday,afternoon,1
A80,2025-04-03 03:19:00,30.06087111506024,31.48556322954764,B2,0,0,Tuesday,night,0
A81,2025-04-11 13:51:00,30.061864375197995,31.489475195558725,B3,1,0,Wednesday,afternoon,1
A82,2025-04-15 07:09:00,30.061931512582174,31.489664485045655,B13,0,1,Sunday,morning,1
A83,2025-04-15 02:30:00,30.06087392938704,31.484062547657103,B20,0,1,Sunday,night,0
A84,2025-04-14 13:57:00,30.058664608677674,31.486537012701373,B1,1,0,Saturday,afternoon,1
A85,2025-04-17 07:29:00,30.06442417565472,31.49339076231231,B14,1,0,Tuesday,morning,1
A86,2025-04-18 06:25:00,30.06403384955287,31.490465440008403,B5,0,1,Wednesday,morning,1
A87,2025-04-19 23:33:00,30.056256926414026,31.490931367557604,B8,0,0,Thursday,night,0
A88,2025-04-05 16:56:00,30.057917492549763,31.49182719315605,B12,0,1,Thursday,afternoon,1
A89,2025-04-24 14:24:00,30.061750092288353,31.493266948845047,B13,0,0,Tuesday,afternoon,1
A90,2025-04-24 00:25:00,30.05797976993174,31.48620972564283,B16,0,1,Tuesday,night,1
A91,2025-04-22 13:38:00,30.059714068294358,31.48566717124219,B20,0,0,Sunday,afternoon,0
A92,2025-04-20 21:35:00,30.05641219493449,31.486209054396788,B5,1,0,Friday,night,0
A93,2025-04-14 10:14:00,30.058747760353626,31.49364458538626,B7,1,1,Saturday,morning,0
A94,2025-04-25 09:59:00,30.058741785941795,31.49264738985137,B8,0,1,Wednesday,morning,1
A95,2025-04-03 20:38:00,30.062546059350506,31.49320145145029,B8,0,0,Tuesday,evening,0
A96,2025-04-22 15:33:00,30.05546814742091,31.489540383569125,B16,0,0,Sunday,afternoon,1
A97,2025-04-21 12:14:00,30.064025050476076,31.48886810654667,B3,0,0,Saturday,afternoon,1
A98,2025-04-21 08:44:00,30.05555626945596,31.488783580068127,B13,0,0,Saturday,morning,0
A99,2025-04-23 04:41:00,30.05915151125458,31.489760327802184,B18,1,1,Monday,night,1
A100,2025-04-18 20:33:00,30.060783706759025,31.490272230319114,B19,0,0,Wednesday,evening,1
A101,2025-04-11 02:30:00,30.05690764143779,31.487822394139414,B15,0,1,Wednesday,night,1
A102,2025-04-13 20:26:00,30.061705957791244,31.489028997801576,B10,1,1,Friday,evening,0
A103,2025-04-07 00:45:00,30.05589113370944,31.4900700561188,B3,0,0,Saturday,night,0
A104,2025-04-29 08:55:00,30.0626287408831,31.493172517392768,B1,1,0,Sunday,morning,1
A105,2025-04-11 01:39:00,30.05924279441172,31.484923512562347,B4,1,1,Wednesday,night,0
A106,2025-04-20 08:38:00,30.058972732965692,31.48412734102513,B9,1,1,Friday,morning,0
A107,2025-04-13 01:59:00,30.06386463951686,31.488533531554857,B9,0,0,Friday,night,0
A108,2025-04-27 14:13:00,30.062830730255616,31.490617590588183,B20,1,0,Friday,afternoon,0
A109,2025-04-04 19:28:00,30.05875832916429,31.49311362201631,B14,0,0,Wednesday,evening,0
A110,2025-04-03 19:52:00,30.059595913979607,31.490063538415505,B7,1,1,Tuesday,evening,1
A111,2025-04-17 12:27:00,30.05729082483329,31.486467965232897,B7,0,0,Tuesday,afternoon,1
A112,2025-04-28 14:22:00,30.058942443684032,31.486253114652932,B12,1,1,Saturday,afternoon,1
A113,2025-04-03 13:10:00,30.05820269478178,31.484056336158705,B18,0,1,Tuesday,afternoon,1
A114,2025-04-26 20:52:00,30.06411013335895,31.49002801888428,B3,1,1,Thursday,evening,1
A115,2025-04-24 14:20:00,30.060668467275423,31.49072341910595,B11,1,1,Tuesday,afternoon,1
A116,2025-04-29 03:23:00,30.061486931928886,31.4921637008516,B2,0,0,Sunday,night,0
A117,2025-04-30 06:21:00,30.060982486311577,31.493538000818443,B12,0,1,Monday,morning,1
A118,2025-04-09 11:30:00,30.055746739519126,31.486676961234277,B1,1,0,Monday,morning,1
A119,2025-04-14 04:41:00,30.058329246419152,31.485160282904648,B2,0,0,Saturday,night,1
A120,2025-04-20 22:06:00,30.06015012148402,31.491667807462143,B13,0,1,Friday,night,1
A121,2025-04-29 04:44:00,30.062749753499244,31.487749550516167,B2,1,1,Sunday,night,1
A122,2025-04-04 06:49:00,30.05762336695935,31.49341522302853,B17,1,0,Wednesday,morning,0
A123,2025-04-21 02:54:00,30.059682116554427,31.490296986368232,B9,0,1,Saturday,night,1
A124,2025-04-07 09:37:00,30.0623662907753,31.492133217748282,B7,1,1,Saturday,morning,1
A125,2025-04-28 06:16:00,30.056361294598535,31.49284712172338,B15,1,1,Saturday,morning,0
A126,2025-04-11 04:47:00,30.055059679825646,31.487450230639293,B2,1,1,Wednesday,night,0
A127,2025-04-13 07:22:00,30.063890578777798,31.492083089894688,B4,1,0,Friday,morning,1
A128,2025-04-11 15:04:00,30.06407181347091,31.487188304157584,B15,0,1,Wednesday,afternoon,1
A129,2025-04-22 00:17:00,30.056240651888047,31.490674497672906,B14,1,0,Sunday,night,0
A130,2025-04-14 02:50:00,30.06006371827901,31.486269604682494,B14,0,1,Saturday,night,0
A131,2025-04-07 07:28:00,30.06196498440724,31.490770109526295,B13,1,0,Saturday,morning,1
A132,2025-04-02 05:51:00,30.06475901185515,31.488813881456068,B5,0,0,Monday,night,0
A133,2025-04-22 00:35:00,30.064382848430846,31.491709312145836,B18,1,1,Sunday,night,1
A134,2025-04-30 14:02:00,30.058842433267472,31.489146377210478,B12,0,1,Monday,afternoon,1
A135,2025-04-23 21:38:00,30.061238102119486,31.48697929720012,B1,0,0,Monday,night,1
A136,2025-04-02 05:53:00,30.05526067394803,31.493989463898817,B16,0,0,Monday,night,1
A137,2025-04-23 13:23:00,30.056270956483555,31.49372637832437,B19,0,0,Monday,afternoon,0
A138,2025-04-25 10:53:00,30.06039456284419,31.49376173960149,B9,0,0,Wednesday,morning,0
A139,2025-04-05 02:55:00,30.05947178712702,31.48587331048599,B18,1,1,Thursday,night,1
A140,2025-04-29 17:27:00,30.05816086610645,31.485248820383717,B4,1,1,Sunday,evening,1
A141,2025-04-21 19:25:00,30.056886367530968,31.485908757503193,B11,0,1,Saturday,evening,1
A142,2025-04-01 17:32:00,30.060883108482024,31.49134019696557,B14,0,0,Sunday,evening,1
A143,2025-04-05 14:07:00,30.06315433724248,31.49067973135706,B9,0,0,Thursday,afternoon,1
A144,2025-04-20 03:27:00,30.057548556453906,31.484204953628698,B13,0,0,Friday,night,1
A145,2025-04-04 21:51:00,30.060830346964355,31.48482443134208,B8,1,0,Wednesday,night,1
A146,2025-04-02 03:43:00,30.062818770764313,31.488062346130068,B5,0,0,Monday,night,0
A147,2025-04-27 08:35:00,30.059075237543905,31.489996496758938,B16,1,1,Friday,morning,1
A148,2025-04-29 07:59:00,30.055249757299105,31.487946137625247,B5,1,1,Sunday,morning,1
A149,2025-04-17 01:41:00,30.05784859390103,31.48913756395052,B14,0,1,Tuesday,night,0
A150,2025-04-20 20:03:00,30.058033394468055,31.493810732804153,B17,1,0,Friday,evening,0
A151,2025-04-01 17:17:00,30.060333842941162,31.48650287790142,B13,0,0,Sunday,evening,0
A152,2025-05-01 02:25:00,30.059398840225768,31.485212733752057,B4,0,1,Tuesday,night,0
A153,2025-04-12 11:05:00,30.055580826288125,31.486954191235714,B13,0,1,Thursday,morning,1
A154,2025-04-17 16:58:00,30.058179247077117,31.492009355377803,B17,0,1,Tuesday,afternoon,1
A155,2025-04-15 17:06:00,30.05504359037667,31.489987630121515,B18,1,0,Sunday,evening,1
A156,2025-04-19 17:02:00,30.05856774683591,31.48652188297402,B8,1,0,Thursday,evening,1
A157,2025-04-25 03:31:00,30.063313516853864,31.487253097862197,B13,1,1,Wednesday,night,1
A158,2025-04-07 14:30:00,30.060197205586192,31.49003592991281,B7,0,1,Saturday,afternoon,0
A159,2025-04-07 01:27:00,30.05720259363786,31.488556541151702,B11,0,1,Saturday,night,0
A160,2025-04-30 06:54:00,30.05500370916588,31.484361207078887,B16,1,0,Monday,morning,1
A161,2025-04-27 12:37:00,30.057443795492997,31.488958075894132,B15,1,0,Friday,afternoon,1
A162,2025-04-05 04:50:00,30.05665890258244,31.49066890028327,B5,0,0,Thursday,night,0
A163,2025-04-30 20:10:00,30.05621878770987,31.49372052003042,B3,0,1,Monday,evening,1
A164,2025-04-25 10:43:00,30.059529223024278,31.484611431515784,B6,0,0,Wednesday,morning,1
A165,2025-04-28 07:20:00,30.061734989615896,31.487079128781605,B7,0,0,Saturday,morning,1
A166,2025-04-26 01:49:00,30.062540960908454,31.48952233788533,B2,0,1,Thursday,night,0
A167,2025-04-11 03:31:00,30.06461022096813,31.489747431317262,B10,0,0,Wednesday,night,1
A168,2025-04-21 11:23:00,30.057970996151976,31.484489840622814,B16,0,1,Saturday,morning,1
A169,2025-04-06 23:59:00,30.064585807136847,31.489586816294732,B7,0,1,Friday,night,0
A170,2025-04-03 02:14:00,30.05886620507774,31.4932023656419,B12,0,1,Tuesday,night,1
A171,2025-04-26 21:58:00,30.055404287647285,31.488822849242254,B12,0,0,Thursday,night,0
A172,2025-04-15 20:23:00,30.061394465861767,31.487892726174255,B17,0,0,Sunday,evening,0
A173,2025-04-25 02:58:00,30.06020978688312,31.484502564321783,B10,1,0,Wednesday,night,0
A174,2025-04-06 22:31:00,30.056844165645874,31.48789910452027,B7,1,1,Friday,night,1
A175,2025-04-20 02:21:00,30.06038047785877,31.490421618862523,B8,0,1,Friday,night,0
A176,2025-04-12 08:40:00,30.06384710377121,31.486612691761867,B14,1,0,Thursday,morning,1
A177,2025-04-18 07:18:00,30.05682415586961,31.49239859815379,B19,1,0,Wednesday,morning,1
A178,2025-04-20 23:11:00,30.05983109044401,31.48806451079402,B9,0,0,Friday,night,0
A179,2025-04-13 11:01:00,30.05524326537711,31.49228964234687,B7,0,1,Friday,morning,1
A180,2025-04-29 21:53:00,30.05909116782091,31.48414817354932,B9,0,1,Sunday,night,0
A181,2025-04-23 06:50:00,30.057790460118998,31.492030098967593,B17,1,1,Monday,morning,1
A182,2025-04-19 14:10:00,30.063632020538545,31.487816575442203,B20,0,1,Thursday,afternoon,0
A183,2025-04-07 14:26:00,30.063721903010386,31.484858920708724,B20,0,0,Saturday,afternoon,1
A184,2025-04-23 09:18:00,30.063498254062257,31.490353791478096,B4,0,0,Monday,morning,0
A185,2025-04-02 15:56:00,30.06458025736626,31.485908287187694,B6,1,0,Monday,afternoon,1
A186,2025-04-24 10:40:00,30.05634631483923,31.49048897868244,B19,0,1,Tuesday,morning,1
A187,2025-04-13 06:49:00,30.06329418038892,31.490150069499776,B19,0,0,Friday,morning,0
A188,2025-04-30 09:14:00,30.0571229414766,31.485021294646284,B15,0,1,Monday,morning,0
A189,2025-04-26 16:35:00,30.056168315452368,31.486699037620618,B3,0,0,Thursday,afternoon,1
A190,2025-04-11 07:56:00,30.06019122796023,31.48583657179505,B19,0,0,Wednesday,morning,1
A191,2025-04-17 21:45:00,30.06460359410626,31.487644609484082,B8,0,1,Tuesday,night,0
A192,2025-04-11 09:21:00,30.064407878280086,31.491916991797122,B4,0,1,Wednesday,morning,1
A193,2025-04-17 00:03:00,30.05522521212869,31.489125242475815,B19,0,1,Tuesday,night,1
A194,2025-04-23 09:25:00,30.06458878362102,31.489679837373913,B15,0,1,Monday,morning,0
A195,2025-04-10 03:21:00,30.057274136185704,31.489918296115437,B11,1,1,Tuesday,night,1
A196,2025-04-19 01:35:00,30.0601451486161,31.48949355548291,B7,1,1,Thursday,night,1
A197,2025-04-04 21:00:00,30.06071278045476,31.48742241902327,B15,1,1,Wednesday,night,0
A198,2025-04-23 19:32:00,30.060697902838054,31.487307900661058,B11,1,1,Monday,evening,0
A199,2025-04-07 14:18:00,30.062384672608275,31.491390779434354,B20,0,1,Saturday,afternoon,1
A200,2025-04-22 07:07:00,30.06251846838941,31.48707093775226,B3,0,1,Sunday,morning,1
A201,2025-04-12 15:27:00,30.056870383845652,31.491257929916898,B2,0,1,Thursday,afternoon,1
A202,2025-04-11 11:38:00,30.05867847680288,31.49090924203944,B7,0,1,Wednesday,morning,1
A203,2025-04-28 10:10:00,30.058378458328324,31.485344865564787,B15,1,1,Saturday,morning,1
A204,2025-04-09 14:09:00,30.06384495003864,31.488098285620644,B2,0,1,Monday,afternoon,1
A205,2025-04-15 14:53:00,30.06439022382983,31.48574219950944,B15,1,0,Sunday,afternoon,0
A206,2025-04-19 07:50:00,30.05901219166946,31.484765027438325,B3,1,0,Thursday,morning,0
A207,2025-04-29 08:45:00,30.063560357925947,31.489005155112714,B1,1,0,Sunday,morning,0
A208,2025-04-26 08:00:00,30.056943304108714,31.492517152045096,B18,0,0,Thursday,morning,1
A209,2025-04-22 16:17:00,30.056821064064707,31.486774945789115,B12,1,0,Sunday,afternoon,1
A210,2025-04-07 16:28:00,30.06317382928141,31.484195044825434,B15,1,1,Saturday,afternoon,0
A211,2025-04-09 16:17:00,30.056203605181466,31.491705597528707,B17,0,0,Monday,afternoon,1
A212,2025-04-19 11:14:00,30.063975772001545,31.48612220629254,B16,0,0,Thursday,morning,1
A213,2025-04-06 13:38:00,30.062614767072095,31.488003695989356,B11,1,0,Friday,afternoon,1
A214,2025-04-25 16:40:00,30.062279670888095,31.488958207289297,B15,1,0,Wednesday,afternoon,1
A215,2025-04-11 00:02:00,30.057541993887014,31.484565600489752,B18,1,0,Wednesday,night,0
A216,2025-04-13 20:41:00,30.05620993364314,31.48640480843532,B7,1,0,Friday,evening,0
A217,2025-04-10 10:08:00,30.05981981394575,31.484498445426187,B17,1,1,Tuesday,morning,0
A218,2025-04-08 14:26:00,30.05740886798431,31.489203955830938,B9,0,1,Sunday,afternoon,1
A219,2025-04-12 15:51:00,30.06340922609492,31.493463416828913,B7,1,0,Thursday,afternoon,1
A220,2025-04-16 02:24:00,30.058564933434347,31.49253366287031,B3,1,1,Monday,night,1
A221,2025-04-03 13:19:00,30.056924890313496,31.484222895316073,B18,1,1,Tuesday,afternoon,0
A222,2025-04-21 11:34:00,30.064603945261222,31.490777995357146,B6,1,1,Saturday,morning,1
A223,2025-04-12 12:27:00,30.05784230462331,31.488663640833472,B13,1,1,Thursday,afternoon,1
A224,2025-04-07 10:10:00,30.060062186589793,31.48949468645275,B7,0,0,Saturday,morning,0
A225,2025-04-25 17:20:00,30.06139712219289,31.486239706694935,B4,0,0,Wednesday,evening,0
A226,2025-04-17 05:19:00,30.05989504891623,31.486674707880958,B18,1,0,Tuesday,night,1
A227,2025-04-09 06:06:00,30.05879890360431,31.493602341101298,B3,0,1,Monday,morning,0
A228,2025-04-02 04:37:00,30.055971842842784,31.487937712955006,B3,1,0,Monday,night,1
A229,2025-04-10 02:20:00,30.05815423152431,31.490688148928886,B6,1,0,Tuesday,night,1
A230,2025-04-07 10:46:00,30.057851879047764,31.493585810226097,B9,0,1,Saturday,morning,1
A231,2025-04-04 10:09:00,30.060947671995564,31.492834133370437,B16,1,1,Wednesday,morning,0
A232,2025-04-23 00:31:00,30.0646396477015,31.493517368968803,B7,1,1,Monday,night,1
A233,2025-04-18 16:21:00,30.05896000467502,31.491170499928664,B11,1,0,Wednesday,afternoon,0
A234,2025-04-20 01:27:00,30.063020413280665,31.4866317676223,B3,0,0,Friday,night,0
A235,2025-04-15 17:44:00,30.05591945764237,31.48690512627701,B4,1,1,Sunday,evening,0
A236,2025-04-27 17:10:00,30.057929100443786,31.490492311391012,B19,0,0,Friday,evening,1
A237,2025-04-01 09:26:00,30.055165215025635,31.484252392636023,B9,1,0,Sunday,morning,0
A238,2025-05-01 03:59:00,30.062757698901724,31.49021473209938,B10,1,0,Tuesday,night,1
A239,2025-04-02 06:47:00,30.062796023164733,31.492425004123454,B1,0,0,Monday,morning,0
A240,2025-04-23 23:23:00,30.059304562912462,31.490698599583773,B15,0,1,Monday,night,1
A241,2025-04-09 01:10:00,30.055759657093496,31.49142311505482,B11,0,1,Monday,night,0
A242,2025-04-17 10:02:00,30.061332747085277,31.489996276232667,B19,0,1,Tuesday,morning,1
A243,2025-04-10 19:17:00,30.063722274113534,31.488533687564185,B19,0,0,Tuesday,evening,0
A244,2025-04-24 17:22:00,30.05850400446743,31.487094346275843,B11,1,0,Tuesday,evening,0
A245,2025-04-27 11:07:00,30.059181731830122,31.493403435376834,B12,0,1,Friday,morning,1
A246,2025-04-18 12:47:00,30.063135237383797,31.487861122232296,B4,0,1,Wednesday,afternoon,1
A247,2025-04-09 06:44:00,30.063168016685204,31.486101996773314,B20,0,1,Monday,morning,1
A248,2025-04-21 11:35:00,30.059982307032538,31.489823798463366,B18,0,1,Saturday,morning,1
A249,2025-04-21 22:50:00,30.061195118064052,31.493574446624088,B1,1,0,Saturday,night,0
A250,2025-04-02 04:55:00,30.0556933770632,31.488434668131514,B7,1,1,Monday,night,0
A251,2025-04-21 03:07:00,30.055459846938433,31.485306162136656,B13,0,1,Saturday,night,1
A252,2025-04-28 20:09:00,30.0564531371852,31.48402089362084,B9,1,1,Saturday,evening,1
A253,2025-04-09 23:18:00,30.062288868530597,31.490742497794162,B7,1,1,Monday,night,1
A254,2025-04-18 07:13:00,30.06372408869531,31.48891343133144,B17,0,1,Wednesday,morning,1
A255,2025-04-09 09:54:00,30.055062253180086,31.49305187558629,B11,1,1,Monday,morning,1
A256,2025-04-20 08:12:00,30.059453341480975,31.486910574122227,B5,1,1,Friday,morning,1
A257,2025-04-08 00:31:00,30.055074390863794,31.487122017669844,B3,1,1,Sunday,night,0
A258,2025-04-19 02:03:00,30.06213591079232,31.487956232582523,B17,0,0,Thursday,night,0
A259,2025-04-29 06:28:00,30.05751490447206,31.489606284841813,B10,1,1,Sunday,morning,1
A260,2025-04-28 04:34:00,30.055982637870937,31.49377851202099,B17,0,0,Saturday,night,1
A261,2025-04-15 19:09:00,30.05771354632291,31.492652011462823,B19,1,1,Sunday,evening,0
A262,2025-04-09 13:07:00,30.06379228988501,31.488087076225018,B20,0,1,Monday,afternoon,1
A263,2025-05-01 01:10:00,30.062516472059073,31.487842646695118,B20,0,0,Tuesday,night,0
A264,2025-04-16 19:57:00,30.06386375034732,31.490981582297824,B20,0,1,Monday,evening,0
A265,2025-04-29 23:47:00,30.05532911837982,31.488585181014287,B2,0,0,Sunday,night,0
A266,2025-04-08 06:38:00,30.05924723208176,31.493334602781488,B5,0,1,Sunday,morning,1
A267,2025-04-05 10:09:00,30.062687549622726,31.48813166275077,B16,1,0,Thursday,morning,1
A268,2025-04-19 21:04:00,30.05923540358874,31.49344564749201,B20,1,0,Thursday,night,1
A269,2025-04-23 01:22:00,30.05519077688763,31.48864221265765,B5,0,0,Monday,night,0
A270,2025-04-12 23:32:00,30.062616181275843,31.491227695670396,B8,1,1,Thursday,night,0
A271,2025-04-10 19:45:00,30.058525714490756,31.49040726214433,B6,0,0,Tuesday,evening,0
A272,2025-04-30 04:51:00,30.06339684891223,31.484375974035796,B10,1,0,Monday,night,1
A273,2025-04-14 02:07:00,30.055494665856017,31.48474071841016,B15,0,0,Saturday,night,0
A274,2025-04-22 02:05:00,30.061848122726452,31.490172603966197,B2,1,0,Sunday,night,0
A275,2025-04-15 04:14:00,30.058643952198018,31.484743812966318,B12,1,1,Sunday,night,1
A276,2025-04-30 06:31:00,30.063148161290147,31.489032082139957,B17,0,1,Monday,morning,1
A277,2025-04-03 22:46:00,30.063972751154832,31.488571826870654,B11,0,1,Tuesday,night,1
A278,2025-04-14 12:28:00,30.05630867019765,31.490114772497062,B3,1,0,Saturday,afternoon,0
A279,2025-04-12 01:35:00,30.059157604528913,31.487632432905087,B3,0,1,Thursday,night,0
A280,2025-04-13 19:45:00,30.062888810492982,31.490826714055043,B2,1,1,Friday,evening,1
A281,2025-04-23 03:25:00,30.06136119275422,31.484968042951234,B6,1,0,Monday,night,1
A282,2025-04-24 10:13:00,30.061022558186778,31.48627011395351,B9,0,1,Tuesday,morning,1
A283,2025-04-06 09:13:00,30.05841333754186,31.48824687895779,B11,0,1,Friday,morning,1
A284,2025-04-23 20:29:00,30.055041117210177,31.487610080339778,B3,0,0,Monday,evening,0
A285,2025-04-03 13:14:00,30.057958204364347,31.491810681730755,B6,1,0,Tuesday,afternoon,1
A286,2025-04-20 15:38:00,30.056481472924332,31.49239509568794,B19,0,0,Friday,afternoon,1
A287,2025-04-12 06:24:00,30.058233519030573,31.48900761922351,B5,1,0,Thursday,morning,0
A288,2025-04-07 07:33:00,30.058443326045417,31.486512585004274,B11,0,1,Saturday,morning,1
A289,2025-04-10 03:19:00,30.058722980526518,31.490081377101234,B15,1,1,Tuesday,night,1
A290,2025-04-15 07:23:00,30.05786433537119,31.488009571641832,B11,0,0,Sunday,morning,1
A291,2025-04-17 03:11:00,30.05928676264878,31.49039387225951,B5,0,0,Tuesday,night,0
A292,2025-04-16 07:15:00,30.062727026904646,31.492026172988062,B10,0,1,Monday,morning,1
A293,2025-04-08 14:01:00,30.064372726337375,31.48809359779517,B20,0,0,Sunday,afternoon,1
A294,2025-04-06 11:58:00,30.063963862191024,31.487858178716944,B9,0,0,Friday,morning,1
A295,2025-04-08 00:31:00,30.05965697425026,31.48457085642948,B12,1,0,Sunday,night,0
A296,2025-04-15 11:45:00,30.05606396074013,31.491650083883894,B15,1,0,Sunday,morning,1
A297,2025-04-20 11:35:00,30.062415995184157,31.489022122104693,B6,1,0,Friday,morning,0
A298,2025-04-21 22:27:00,30.06120048934131,31.489501419380108,B13,1,1,Saturday,night,1
A299,2025-04-24 17:36:00,30.057382527301172,31.48612328735955,B18,0,1,Tuesday,evening,0
A300,2025-04-26 08:19:00,30.06482339558802,31.492957908756345,B15,0,0,Thursday,morning,1
A301,2025-04-29 21:27:00,30.06054633087794,31.487151103340604,B17,1,0,Sunday,night,0
A302,2025-04-23 05:09:00,30.060127957811304,31.493932642647664,B6,0,0,Monday,night,0
A303,2025-04-22 12:26:00,30.055539747046584,31.493647586565526,B9,0,0,Sunday,afternoon,0
A304,2025-04-07 05:19:00,30.057791778666367,31.492789414071513,B19,1,0,Saturday,night,0
A305,2025-04-19 14:01:00,30.055416953513333,31.489249515096002,B17,1,1,Thursday,afternoon,1
A306,2025-04-02 16:33:00,30.061508897719328,31.49015044349149,B19,1,1,Monday,afternoon,1
A307,2025-04-10 03:50:00,30.06308183164062,31.493628648662973,B14,1,0,Tuesday,night,1
A308,2025-04-17 18:30:00,30.064231340744232,31.486069515331142,B9,1,0,Tuesday,evening,1
A309,2025-04-22 20:00:00,30.061087083784297,31.48512598454283,B6,0,1,Sunday,evening,0
A310,2025-04-09 19:50:00,30.05698996709425,31.492743728250936,B19,1,0,Monday,evening,0
A311,2025-04-18 06:52:00,30.06417130157452,31.488516848565958,B6,1,1,Wednesday,morning,1
A312,2025-04-05 14:01:00,30.060301286001753,31.484400736884183,B16,1,1,Thursday,afternoon,1
A313,2025-04-26 21:39:00,30.06229091021659,31.492587892732114,B17,0,1,Thursday,night,0
A314,2025-04-01 11:06:00,30.060078049339776,31.48439388574058,B6,1,1,Sunday,morning,1
A315,2025-04-27 06:53:00,30.064721244530745,31.490446196538343,B15,0,1,Friday,morning,0
A316,2025-04-03 03:38:00,30.063967766043483,31.491917546431218,B14,1,1,Tuesday,night,1
A317,2025-04-10 17:18:00,30.058050362582488,31.48739086638563,B12,1,0,Tuesday,evening,0
A318,2025-04-15 03:05:00,30.05746791875236,31.49109441821136,B9,1,1,Sunday,night,1
A319,2025-04-09 10:56:00,30.064699237847805,31.48974646196342,B16,0,0,Monday,morning,1
A320,2025-04-25 18:25:00,30.06022240054825,31.49084287233155,B8,1,1,Wednesday,evening,1
A321,2025-05-01 05:35:00,30.056783333700817,31.493948168873896,B6,1,1,Tuesday,night,1
A322,2025-04-17 07:35:00,30.056797973288738,31.489867310386266,B5,1,0,Tuesday,morning,1
A323,2025-04-15 19:15:00,30.063527378245393,31.490650817835263,B20,1,1,Sunday,evening,1
A324,2025-04-06 06:19:00,30.056064073057026,31.49048537251873,B20,0,0,Friday,morning,0
A325,2025-04-05 01:51:00,30.056234454612735,31.49356978009397,B5,1,0,Thursday,night,0
A326,2025-04-21 12:26:00,30.062994401936027,31.484041988387368,B2,1,1,Saturday,afternoon,1
A327,2025-04-12 20:44:00,30.06013702171666,31.49384905592126,B20,1,1,Thursday,evening,0
A328,2025-04-17 16:45:00,30.05792964530475,31.49382200398515,B12,1,0,Tuesday,afternoon,1
A329,2025-04-04 21:35:00,30.058140960099887,31.48411756037286,B8,1,0,Wednesday,night,1
A330,2025-04-05 16:12:00,30.05589861172335,31.49090784460126,B3,1,1,Thursday,afternoon,1
A331,2025-04-13 07:03:00,30.059975662791828,31.490271865211817,B5,0,0,Friday,morning,0
A332,2025-04-29 01:49:00,30.05751863357036,31.49180589368318,B12,1,1,Sunday,night,1
A333,2025-04-11 15:20:00,30.057845284832645,31.48759336385443,B18,0,0,Wednesday,afternoon,1
A334,2025-04-07 20:32:00,30.055084349877315,31.490062322810093,B18,0,1,Saturday,evening,1
A335,2025-04-18 21:17:00,30.0598592549039,31.492746792539183,B15,0,1,Wednesday,night,0
A336,2025-04-07 14:31:00,30.057028921037748,31.49209553849866,B18,0,0,Saturday,afternoon,0
A337,2025-04-01 15:32:00,30.059877462093606,31.493830014338617,B15,1,0,Sunday,afternoon,1
A338,2025-04-07 06:07:00,30.062757063191093,31.488976663021194,B5,0,0,Saturday,morning,0
A339,2025-04-28 01:02:00,30.060131537141057,31.492018861313625,B1,1,0,Saturday,night,0
A340,2025-04-27 06:41:00,30.057272064772885,31.48888460094019,B13,0,1,Friday,morning,1
A341,2025-04-13 00:12:00,30.064267153026467,31.491923833445583,B11,1,1,Friday,night,1
A342,2025-04-16 15:02:00,30.057053593720116,31.49341122689633,B14,0,0,Monday,afternoon,0
A343,2025-04-12 22:33:00,30.059978340265705,31.492931734410092,B13,0,0,Thursday,night,0
A344,2025-04-02 03:28:00,30.064067609665067,31.490789252431856,B3,0,1,Monday,night,1
A345,2025-04-18 14:24:00,30.059002273040246,31.484297102386854,B15,0,0,Wednesday,afternoon,1
A346,2025-04-14 03:19:00,30.0647643310024,31.48540126313215,B13,0,1,Saturday,night,0
A347,2025-04-14 15:45:00,30.056189816043258,31.484182836681722,B8,0,1,Saturday,afternoon,1
A348,2025-04-03 04:12:00,30.06438936529285,31.48978336441255,B3,1,0,Tuesday,night,0
A349,2025-04-19 17:54:00,30.06476371868929,31.484008417972152,B20,1,1,Thursday,evening,1
A350,2025-04-15 07:00:00,30.06407754447694,31.490040571447842,B17,1,1,Sunday,morning,1
A351,2025-04-14 22:18:00,30.060696335593686,31.485052375380498,B16,0,1,Saturday,night,0
A352,2025-04-26 01:07:00,30.063976448211427,31.48465081475447,B1,1,0,Thursday,night,1
A353,2025-04-10 22:59:00,30.056689618513897,31.490838335071924,B9,1,0,Tuesday,night,0
A354,2025-04-06 08:43:00,30.060878291269546,31.48584317242368,B4,1,1,Friday,morning,0
A355,2025-04-19 13:12:00,30.055049518039716,31.489966877418045,B13,0,0,Thursday,afternoon,1
A356,2025-04-25 18:56:00,30.061938690742668,31.48724698635298,B12,0,0,Wednesday,evening,0
A357,2025-04-01 07:23:00,30.064891000578527,31.493888944706192,B2,1,0,Sunday,morning,1
A358,2025-04-01 23:12:00,30.063882642874095,31.485923106299072,B5,1,0,Sunday,night,1
A359,2025-04-28 05:19:00,30.062942542757483,31.49325256159255,B12,0,0,Saturday,night,0
A360,2025-04-05 23:26:00,30.057106866933726,31.484332546035002,B15,0,1,Thursday,night,0
A361,2025-04-24 02:11:00,30.06038852198566,31.48701361943213,B5,0,0,Tuesday,night,0
A362,2025-04-14 00:10:00,30.057629048914407,31.490016066784495,B4,0,0,Saturday,night,0
A363,2025-04-12 10:07:00,30.063677405982347,31.48660070616393,B19,0,0,Thursday,morning,0
A364,2025-04-01 17:36:00,30.060963757349317,31.491906471496613,B12,0,0,Sunday,evening,1
A365,2025-04-12 01:31:00,30.056866392852786,31.491500311044394,B13,0,0,Thursday,night,1
A366,2025-04-07 23:47:00,30.060971216854625,31.488839834871538,B10,0,1,Saturday,night,0
A367,2025-04-29 04:56:00,30.0583492697882,31.490953044262586,B16,1,0,Sunday,night,1
A368,2025-04-11 18:47:00,30.057283144808178,31.49200427204338,B8,0,0,Wednesday,evening,1
A369,2025-04-24 04:08:00,30.06355365144508,31.493371526436015,B12,0,0,Tuesday,night,0
A370,2025-04-02 03:49:00,30.061724704097205,31.491214374833547,B7,1,0,Monday,night,0
A371,2025-04-10 09:18:00,30.058035843214757,31.492184193032557,B5,1,0,Tuesday,morning,1
A372,2025-04-10 01:59:00,30.05596060234598,31.48407655258598,B14,1,1,Tuesday,night,1
A373,2025-04-23 01:25:00,30.059462259624077,31.48820286330516,B15,0,1,Monday,night,1
A374,2025-04-05 06:52:00,30.06281669203633,31.487212043679545,B3,1,1,Thursday,morning,1
A375,2025-04-07 21:09:00,30.055114691043435,31.488245762820696,B3,1,1,Saturday,night,1
A376,2025-04-02 21:10:00,30.05908457009835,31.49122570690761,B12,1,1,Monday,night,1
A377,2025-04-26 16:29:00,30.055020316253053,31.484651222663736,B14,0,1,Thursday,afternoon,1
A378,2025-04-21 23:39:00,30.06213942109751,31.486577627252352,B15,1,0,Saturday,night,1
A379,2025-04-22 09:35:00,30.058563793976315,31.4869058473756,B5,1,1,Sunday,morning,1
A380,2025-04-18 18:25:00,30.055115400330468,31.48848919979693,B12,0,1,Wednesday,evening,0
A381,2025-04-29 17:16:00,30.06331230025902,31.488131660030753,B18,1,0,Sunday,evening,1
A382,2025-04-29 00:55:00,30.061179723573417,31.48783892711073,B8,1,1,Sunday,night,0
A383,2025-04-05 21:13:00,30.064864983857554,31.48588306209201,B18,0,0,Thursday,night,1
A384,2025-04-14 10:54:00,30.057820408824735,31.492479494139005,B5,0,0,Saturday,morning,1
A385,2025-04-17 02:22:00,30.055926545347894,31.49196863607348,B11,0,1,Tuesday,night,1
A386,2025-04-22 08:14:00,30.05783875463195,31.491071920463042,B10,1,1,Sunday,morning,1
A387,2025-04-27 13:11:00,30.063731338593136,31.488755129166645,B7,0,1,Friday,afternoon,0
A388,2025-04-17 14:31:00,30.061994950499763,31.48504757812702,B3,0,1,Tuesday,afternoon,1
A389,2025-04-30 15:30:00,30.06300551444694,31.491216154841883,B11,0,0,Monday,afternoon,1
A390,2025-04-23 11:03:00,30.063226629340893,31.48648639253623,B3,0,1,Monday,morning,1
A391,2025-04-04 01:28:00,30.061761377459845,31.493332498592036,B15,1,1,Wednesday,night,1
A392,2025-04-06 09:21:00,30.064936720241583,31.49328372954504,B1,1,1,Friday,morning,1
A393,2025-04-29 23:53:00,30.06137194614475,31.49270675497176,B1,1,1,Sunday,night,1
A394,2025-04-03 05:55:00,30.060691858176117,31.491181666266748,B13,0,1,Tuesday,night,1
A395,2025-04-09 20:54:00,30.061524047417677,31.486379532456578,B8,0,1,Monday,evening,0
A396,2025-04-07 04:16:00,30.06091394668351,31.484223127814715,B19,1,0,Saturday,night,1
A397,2025-04-16 05:15:00,30.064945628077442,31.492444795688105,B20,0,1,Monday,night,0
A398,2025-04-24 02:40:00,30.055450519285547,31.48979676274432,B15,0,0,Tuesday,night,0
A399,2025-04-03 11:03:00,30.05682907063383,31.492846252676532,B1,0,1,Tuesday,morning,1
A400,2025-04-28 10:15:00,30.063596336678145,31.493731062349024,B1,1,0,Saturday,morning,0
A401,2025-04-17 03:50:00,30.0550855658066,31.486065162499358,B19,1,0,Tuesday,night,1
A402,2025-04-09 17:22:00,30.06260022695603,31.48811871391721,B4,0,0,Monday,evening,0
A403,2025-04-18 12:42:00,30.058510539437258,31.48989574675182,B4,0,1,Wednesday,afternoon,0
A404,2025-04-02 21:41:00,30.06099772345744,31.491629319926204,B20,1,0,Monday,night,0
A405,2025-04-01 09:52:00,30.055371300528968,31.487423976262914,B9,0,1,Sunday,morning,1
A406,2025-04-21 00:42:00,30.058258725211655,31.484677728813015,B5,0,0,Saturday,night,0
A407,2025-04-21 21:52:00,30.060797053705105,31.49097681550609,B9,1,1,Saturday,night,1
A408,2025-04-06 23:12:00,30.06483165835724,31.485392639450755,B10,1,1,Friday,night,0
A409,2025-04-04 08:32:00,30.06473642131919,31.485365644749873,B3,1,0,Wednesday,morning,1
A410,2025-04-06 14:29:00,30.064973427002325,31.485721001736792,B10,0,0,Friday,afternoon,1
A411,2025-04-04 12:13:00,30.05923316982995,31.488393316369322,B4,1,1,Wednesday,afternoon,1
A412,2025-04-11 15:30:00,30.062948913789803,31.490316137400487,B20,1,0,Wednesday,afternoon,1
A413,2025-04-26 02:02:00,30.056013595371823,31.48540347230486,B11,0,1,Thursday,night,1
A414,2025-04-27 05:51:00,30.05795851040969,31.488673877427697,B1,0,1,Friday,night,0
A415,2025-04-12 02:17:00,30.05933972086981,31.488658867552225,B1,1,0,Thursday,night,1
A416,2025-04-14 11:57:00,30.06079638126579,31.493036785289313,B18,1,1,Saturday,morning,0
A417,2025-04-28 04:02:00,30.064995900502584,31.493177107311297,B4,1,1,Saturday,night,1
A418,2025-04-21 03:00:00,30.063735109031395,31.493867153951985,B6,0,1,Saturday,night,0
A419,2025-04-27 23:17:00,30.05938555648633,31.490910708899133,B9,1,1,Friday,night,0
A420,2025-04-22 01:33:00,30.061002158610528,31.484842663721302,B19,0,1,Sunday,night,0
A421,2025-04-16 01:36:00,30.05918109352981,31.491281301633936,B19,0,1,Monday,night,1
A422,2025-04-28 03:23:00,30.059303849476386,31.49061118242829,B15,1,0,Saturday,night,1
A423,2025-04-25 21:06:00,30.061392090282208,31.485790367001037,B14,0,0,Wednesday,night,0
A424,2025-04-30 12:55:00,30.062976813556606,31.48973324022921,B12,0,1,Monday,afternoon,0
A425,2025-04-08 10:34:00,30.056043155791738,31.48935706330185,B10,1,1,Sunday,morning,1
A426,2025-04-14 05:50:00,30.060400008625685,31.493778939197966,B20,1,0,Saturday,night,1
A427,2025-04-01 18:04:00,30.056663227498174,31.48987860715392,B18,0,0,Sunday,evening,1
A428,2025-04-21 05:09:00,30.058203227803578,31.493217632483383,B9,0,1,Saturday,night,0
A429,2025-04-04 14:36:00,30.05748849042263,31.486717849774358,B19,0,0,Wednesday,afternoon,0
A430,2025-04-26 06:23:00,30.062701443211097,31.493367353214676,B14,1,1,Thursday,morning,0
A431,2025-04-16 05:39:00,30.059040732182872,31.486682420477347,B14,1,1,Monday,night,1
A432,2025-04-03 03:36:00,30.06367016264626,31.490082505540716,B20,0,1,Tuesday,night,1
A433,2025-04-03 10:52:00,30.05604849256242,31.485582566341602,B14,0,1,Tuesday,morning,1
A434,2025-04-02 04:58:00,30.06070676515302,31.49065662536092,B12,0,1,Monday,night,1
A435,2025-04-11 03:23:00,30.055508597195136,31.492832798209932,B19,1,0,Wednesday,night,0
A436,2025-04-07 19:01:00,30.063706912705488,31.490069640881917,B15,0,1,Saturday,evening,0
A437,2025-04-20 20:34:00,30.059346308400308,31.492339523638016,B6,0,1,Friday,evening,0
A438,2025-04-04 01:58:00,30.059010377832983,31.492983084489293,B1,1,0,Wednesday,night,1
A439,2025-04-02 19:58:00,30.064885137967227,31.49127284570857,B12,0,0,Monday,evening,0
A440,2025-04-13 06:11:00,30.06443775809167,31.489905641217746,B16,0,0,Friday,morning,1
A441,2025-04-01 11:31:00,30.0574453090314,31.487850997733812,B15,0,0,Sunday,morning,1
A442,2025-04-06 14:28:00,30.05634408934415,31.49027957966156,B3,0,1,Friday,afternoon,1
A443,2025-04-27 20:11:00,30.063985959776105,31.493735893394838,B13,1,1,Friday,evening,0
A444,2025-04-22 16:35:00,30.05724839314939,31.492348783520992,B5,0,1,Sunday,afternoon,1
A445,2025-04-11 21:28:00,30.055982754252707,31.492711837243835,B17,0,1,Wednesday,night,0
A446,2025-04-16 16:29:00,30.059916268116684,31.491444792518855,B17,1,0,Monday,afternoon,0
A447,2025-04-14 04:07:00,30.062817978194584,31.492337316308035,B11,0,0,Saturday,night,1
A448,2025-04-11 02:25:00,30.064949890602495,31.49348233271297,B16,0,1,Wednesday,night,0
A449,2025-04-29 20:40:00,30.064474778026913,31.48978156453573,B14,0,1,Sunday,evening,0
A450,2025-04-10 04:46:00,30.063579225645313,31.489339420507612,B7,0,0,Tuesday,night,1
A451,2025-04-24 07:15:00,30.06179128063521,31.49352068747998,B7,1,0,Tuesday,morning,1
A452,2025-04-09 09:26:00,30.060400008495698,31.492450921624602,B10,0,1,Monday,morning,0
A453,2025-04-28 14:03:00,30.058029141382487,31.487888406308183,B1,1,0,Saturday,afternoon,1
A454,2025-04-09 08:59:00,30.06157728857039,31.492272809602134,B3,1,1,Monday,morning,1
A455,2025-04-29 03:12:00,30.063898883877084,31.485011713045118,B9,0,0,Sunday,night,0
A456,2025-04-09 06:36:00,30.064353948504344,31.486968043452897,B15,0,0,Monday,morning,1
A457,2025-04-20 01:59:00,30.06133747583346,31.48945273049333,B8,1,1,Friday,night,0
A458,2025-04-08 17:40:00,30.063099923073665,31.484240385670457,B4,0,1,Sunday,evening,1
A459,2025-04-16 05:46:00,30.057816743302133,31.48701787010228,B16,1,0,Monday,night,0
A460,2025-04-19 23:25:00,30.05657712520543,31.493151969343327,B3,0,1,Thursday,night,1
A461,2025-04-18 19:03:00,30.064921731966873,31.489970607290857,B8,1,1,Wednesday,evening,1
A462,2025-04-05 10:16:00,30.059685844560175,31.493381104159972,B20,0,0,Thursday,morning,0
A463,2025-04-14 09:05:00,30.060545283152308,31.484528809879798,B16,0,0,Saturday,morning,0
A464,2025-04-29 13:24:00,30.064079188838477,31.491450221071712,B16,0,0,Sunday,afternoon,0
A465,2025-04-17 05:36:00,30.06321228337656,31.485164097792968,B16,1,1,Tuesday,night,1
A466,2025-04-15 15:55:00,30.058715113426754,31.487565658730187,B16,1,0,Sunday,afternoon,0
A467,2025-04-19 19:09:00,30.056218540584986,31.490386639900745,B5,1,1,Thursday,evening,1
A468,2025-04-21 03:44:00,30.06062077029136,31.49305441966392,B20,0,0,Saturday,night,1
A469,2025-04-08 18:21:00,30.055514806563878,31.484114200444058,B10,0,0,Sunday,evening,0
A470,2025-04-16 04:50:00,30.06188704243835,31.49098153109831,B3,1,1,Monday,night,1
A471,2025-04-18 11:13:00,30.058749090922177,31.486912598724224,B17,0,0,Wednesday,morning,0
A472,2025-04-29 16:37:00,30.05793674656362,31.485083260389466,B7,0,1,Sunday,afternoon,0
A473,2025-04-12 07:12:00,30.06140533713034,31.492133335028356,B5,1,0,Thursday,morning,1
A474,2025-04-21 21:37:00,30.056499251671532,31.48547500438129,B18,1,0,Saturday,night,1
A475,2025-04-19 09:41:00,30.0552649841423,31.493310326421266,B19,1,1,Thursday,morning,1
A476,2025-04-03 03:39:00,30.058077823599362,31.485644442953078,B18,0,1,Tuesday,night,1
A477,2025-04-22 11:18:00,30.064521710371828,31.48855239855515,B18,1,0,Sunday,morning,0
A478,2025-04-21 10:07:00,30.06045675514608,31.486925159535666,B4,1,0,Saturday,morning,0
A479,2025-04-06 22:17:00,30.064458047130824,31.488747659761806,B13,0,1,Friday,night,1
A480,2025-04-22 20:11:00,30.061493290530805,31.490256890653946,B14,1,0,Sunday,evening,0
A481,2025-04-22 18:30:00,30.06456208219275,31.48968102607347,B3,1,1,Sunday,evening,0
A482,2025-04-14 17:26:00,30.064930395047924,31.493523519598586,B5,1,0,Saturday,evening,0
A483,2025-04-18 22:35:00,30.061759717954963,31.492088506649534,B20,0,0,Wednesday,night,1
A484,2025-04-24 01:56:00,30.05648181430515,31.488079502535868,B20,1,0,Tuesday,night,0
A485,2025-04-01 22:53:00,30.0623165232437,31.490433858911956,B7,1,0,Sunday,night,1
A486,2025-04-08 10:48:00,30.058844378102954,31.48971095394111,B19,0,0,Sunday,morning,1
A487,2025-04-22 11:38:00,30.056862540459065,31.48737854873817,B17,1,1,Sunday,morning,0
A488,2025-04-01 21:45:00,30.055815183716998,31.489706565047015,B20,1,0,Sunday,night,0
A489,2025-04-06 11:56:00,30.05946435234852,31.48773931258293,B8,0,1,Friday,morning,0
A490,2025-04-10 11:13:00,30.064810979530844,31.488985496549027,B1,1,1,Tuesday,morning,1
A491,2025-04-16 15:37:00,30.055928524985937,31.48595969535543,B8,0,0,Monday,afternoon,0
A492,2025-04-22 06:44:00,30.063090941557824,31.487442865815314,B7,1,1,Sunday,morning,0
A493,2025-04-22 17:35:00,30.062923280540684,31.490901536191178,B2,0,1,Sunday,evening,0
A494,2025-04-17 04:30:00,30.058492892294268,31.49031081029055,B3,0,1,Tuesday,night,1
A495,2025-04-27 14:46:00,30.057243361348217,31.486868411959016,B7,1,1,Friday,afternoon,1
A496,2025-04-20 04:54:00,30.05776080473104,31.488974047284046,B12,0,1,Friday,night,0
A497,2025-04-20 15:07:00,30.05538285427996,31.488036024902794,B2,0,0,Friday,afternoon,1
A498,2025-04-04 00:56:00,30.06370068817645,31.48869359891149,B10,0,1,Wednesday,night,1
A499,2025-04-26 17:37:00,30.056087631612016,31.49153649835809,B20,0,1,Thursday,evening,0
A500,2025-04-22 15:05:00,30.061496472429564,31.484295836456457,B20,0,1,Sunday,afternoon,0
A501,2025-04-24 08:50:00,30.062557135377407,31.48970929238428,B12,1,0,Tuesday,morning,1
A502,2025-04-07 22:33:00,30.063398064766904,31.49147312004548,B18,0,0,Saturday,night,1
A503,2025-05-01 03:38:00,30.063878928455967,31.484537893341205,B6,1,0,Tuesday,night,0
A504,2025-04-10 11:12:00,30.05589257165419,31.48405438817687,B3,0,0,Tuesday,morning,1
A505,2025-04-13 18:51:00,30.062964334790617,31.48658300552438,B3,1,0,Friday,evening,1
A506,2025-04-10 12:19:00,30.058388272363572,31.485074091822675,B14,1,1,Tuesday,afternoon,1
A507,2025-04-20 07:09:00,30.056097449984676,31.492529692450226,B5,1,1,Friday,morning,1
A508,2025-04-01 22:05:00,30.056660205973973,31.49289020654296,B13,0,0,Sunday,night,1
A509,2025-04-23 18:19:00,30.063189715515286,31.492091392830737,B1,1,0,Monday,evening,0
A510,2025-04-06 16:08:00,30.063416505506034,31.488680360097167,B11,0,0,Friday,afternoon,0
A511,2025-04-01 14:39:00,30.05526792454789,31.485493137947444,B12,0,0,Sunday,afternoon,0
A512,2025-04-15 23:11:00,30.062048983367568,31.490521250441304,B17,0,1,Sunday,night,0
A513,2025-04-18 21:45:00,30.058506067859962,31.486660782679046,B6,1,0,Wednesday,night,1
A514,2025-04-11 00:48:00,30.05923279762009,31.484087947261717,B3,0,0,Wednesday,night,1
A515,2025-04-17 04:31:00,30.056535571541023,31.48943431583712,B16,0,1,Tuesday,night,0
A516,2025-04-28 16:06:00,30.05933406529372,31.48463692224052,B12,1,1,Saturday,afternoon,1
A517,2025-04-15 14:27:00,30.05775342062002,31.490644473642906,B19,1,1,Sunday,afternoon,1
A518,2025-04-17 20:16:00,30.060485278484013,31.48752778195113,B16,1,0,Tuesday,evening,0
A519,2025-04-28 09:05:00,30.05801499865238,31.493004598224786,B10,1,0,Saturday,morning,1
A520,2025-04-18 22:55:00,30.06003478903875,31.486237088403918,B5,0,1,Wednesday,night,1
A521,2025-04-29 20:16:00,30.063663457621583,31.49180858581688,B15,0,0,Sunday,evening,1
A522,2025-04-18 14:47:00,30.060679859597794,31.49039903479413,B7,0,1,Wednesday,afternoon,1
A523,2025-04-30 10:44:00,30.063841477043347,31.48535356677305,B2,1,0,Monday,morning,1
A524,2025-04-20 21:26:00,30.0558169591703,31.48424716927653,B14,0,1,Friday,night,0
A525,2025-04-13 09:22:00,30.058862428275763,31.491371003105982,B11,0,0,Friday,morning,1
A526,2025-04-06 12:35:00,30.0636276626439,31.48973085540685,B15,0,0,Friday,afternoon,1
A527,2025-04-14 14:04:00,30.062932155557895,31.485503534336505,B20,0,1,Saturday,afternoon,0
A528,2025-04-17 12:27:00,30.056691871580313,31.485899227932215,B2,1,1,Tuesday,afternoon,1
A529,2025-04-21 16:53:00,30.064361172908995,31.49322960219311,B5,1,0,Saturday,afternoon,0
A530,2025-04-20 11:46:00,30.058146598536883,31.48750132398727,B15,0,1,Friday,morning,1
A531,2025-04-03 10:30:00,30.057254977659714,31.4879184099641,B2,1,0,Tuesday,morning,1
A532,2025-04-09 02:07:00,30.05830869330221,31.48844673290636,B14,1,1,Monday,night,1
A533,2025-04-05 09:21:00,30.061003478570605,31.48925417737951,B1,0,1,Thursday,morning,0
A534,2025-04-29 04:00:00,30.060732175615883,31.485523062786772,B12,1,1,Sunday,night,1
A535,2025-04-09 04:07:00,30.063267445515056,31.49145453130566,B15,0,1,Monday,night,1
A536,2025-04-23 22:09:00,30.06422814540437,31.49277936131596,B5,0,0,Monday,night,1
A537,2025-04-13 00:55:00,30.063447039931614,31.48971713146423,B2,1,0,Friday,night,0
A538,2025-04-21 21:51:00,30.057239527276483,31.491683392394393,B14,0,0,Saturday,night,0
A539,2025-05-01 01:30:00,30.061997062256516,31.493352554168194,B2,0,0,Tuesday,night,0
A540,2025-04-08 09:19:00,30.05653531822457,31.49230917492315,B19,1,1,Sunday,morning,1
A541,2025-04-29 19:08:00,30.059237296463582,31.488675003754157,B3,0,0,Sunday,evening,0
A542,2025-04-08 22:03:00,30.05640603192027,31.493159982233248,B10,0,0,Sunday,night,1
A543,2025-04-13 08:02:00,30.062906910674823,31.48825344211701,B1,0,0,Friday,morning,1
A544,2025-04-30 17:43:00,30.057584734548342,31.49120566071342,B2,0,1,Monday,evening,0
A545,2025-04-08 13:13:00,30.055036582471462,31.491729277875258,B18,1,1,Sunday,afternoon,0
A546,2025-04-02 03:38:00,30.056444920406605,31.493407793079694,B12,0,1,Monday,night,1
A547,2025-04-19 18:12:00,30.063616068665922,31.489070778009538,B3,1,0,Thursday,evening,1
A548,2025-04-12 04:23:00,30.057874723399404,31.48866287862949,B5,0,0,Thursday,night,1
A549,2025-04-18 08:07:00,30.058896981169344,31.489385654631246,B9,1,0,Wednesday,morning,1
A550,2025-04-19 14:52:00,30.063908352779308,31.489422076054662,B9,1,1,Thursday,afternoon,0
A551,2025-04-09 12:03:00,30.056370189352684,31.487364885628548,B10,0,0,Monday,afternoon,1
A552,2025-04-30 05:29:00,30.06286038009348,31.487466503831477,B9,1,1,Monday,night,0
A553,2025-04-11 14:48:00,30.059453922266727,31.4904264224809,B13,1,1,Wednesday,afternoon,0
A554,2025-05-01 03:08:00,30.058635182157403,31.491433801602795,B11,0,0,Tuesday,night,1
A555,2025-04-05 16:26:00,30.055232859211646,31.486252087176847,B11,0,0,Thursday,afternoon,1
A556,2025-04-12 11:35:00,30.05928818314465,31.492359321959256,B13,1,0,Thursday,morning,0
A557,2025-04-09 23:48:00,30.058296101699725,31.491981313597456,B14,0,1,Monday,night,0
A558,2025-04-22 04:09:00,30.057380073687728,31.48626379597908,B4,0,1,Sunday,night,1
A559,2025-04-06 15:44:00,30.06038592844853,31.484325304147934,B5,0,0,Friday,afternoon,0
A560,2025-04-04 08:20:00,30.063105128866436,31.484225936950633,B1,1,0,Wednesday,morning,1
A561,2025-04-05 23:47:00,30.058668976687002,31.49303920903882,B1,0,1,Thursday,night,1
A562,2025-04-13 22:39:00,30.061002336027475,31.49384244238327,B1,0,0,Friday,night,0
A563,2025-04-26 22:24:00,30.06002337425058,31.488910786397735,B3,1,0,Thursday,night,0
A564,2025-04-12 21:27:00,30.063969258388905,31.4889176914549,B1,0,1,Thursday,night,0
A565,2025-04-07 01:27:00,30.06096431892572,31.484208513428435,B9,1,1,Saturday,night,0
A566,2025-04-24 21:13:00,30.060337963074627,31.491449926507055,B17,1,1,Tuesday,night,0
A567,2025-04-24 17:29:00,30.061522126527496,31.488126640303793,B10,1,0,Tuesday,evening,1
A568,2025-04-01 13:51:00,30.06195219650153,31.48668094534821,B13,0,1,Sunday,afternoon,1
A569,2025-04-19 21:06:00,30.05603325189383,31.488572035358015,B20,0,1,Thursday,night,0
A570,2025-04-18 09:14:00,30.06474587403257,31.484886816616577,B3,1,0,Wednesday,morning,0
A571,2025-04-02 18:10:00,30.06314594636326,31.48696543611666,B14,0,0,Monday,evening,1
A572,2025-04-10 07:42:00,30.05718111152017,31.485869191569478,B11,1,1,Tuesday,morning,1
A573,2025-04-15 10:45:00,30.055258496594824,31.485286284445547,B2,0,1,Sunday,morning,0
A574,2025-04-24 09:07:00,30.058341721491658,31.48836098000646,B19,0,0,Tuesday,morning,0
A575,2025-04-11 22:26:00,30.057650240500333,31.488482664445414,B8,1,0,Wednesday,night,0
A576,2025-04-17 00:59:00,30.06414140974533,31.48829728379324,B19,0,0,Tuesday,night,0
A577,2025-04-24 19:04:00,30.058716294602217,31.49220552042045,B14,0,0,Tuesday,evening,1
A578,2025-04-28 01:22:00,30.057881522103944,31.489995345610573,B16,1,1,Saturday,night,0
A579,2025-04-05 02:56:00,30.05967158631765,31.489948609319406,B1,1,0,Thursday,night,0
A580,2025-04-22 02:08:00,30.06383980847617,31.49017768971455,B5,0,1,Sunday,night,1
A581,2025-04-17 02:14:00,30.056763886273345,31.48626228047612,B16,0,0,Tuesday,night,1
A582,2025-04-11 12:23:00,30.058464213927135,31.489506119607658,B5,0,0,Wednesday,afternoon,1
A583,2025-04-30 22:43:00,30.062707563405503,31.48435223691955,B10,0,0,Monday,night,0
A584,2025-04-26 01:13:00,30.055136244292978,31.488464833965477,B4,1,1,Thursday,night,1
A585,2025-04-23 15:01:00,30.05587429114527,31.487763526618735,B4,0,0,Monday,afternoon,1
A586,2025-04-11 08:01:00,30.062940604258262,31.484445961177475,B3,0,0,Wednesday,morning,0
A587,2025-04-19 12:16:00,30.05787502791342,31.493254928581504,B12,0,0,Thursday,afternoon,1
A588,2025-04-29 04:28:00,30.05702187423949,31.484023514012428,B9,1,1,Sunday,night,1
A589,2025-04-30 11:22:00,30.058425691467974,31.492471499481365,B19,1,1,Monday,morning,1
A590,2025-04-06 04:26:00,30.059806913081456,31.488507325021512,B16,0,0,Friday,night,1
A591,2025-04-12 13:33:00,30.058717018352393,31.493377182575138,B8,0,1,Thursday,afternoon,0
A592,2025-04-17 14:23:00,30.06087344336504,31.492294437325967,B9,1,1,Tuesday,afternoon,1
A593,2025-04-07 00:52:00,30.05885662674998,31.49114666347252,B8,1,1,Saturday,night,0
A594,2025-04-08 05:53:00,30.063156094667864,31.484260483665473,B12,1,1,Sunday,night,0
A595,2025-04-14 22:22:00,30.059495934811196,31.490932700077423,B10,0,1,Saturday,night,0
A596,2025-04-17 23:05:00,30.058972884377795,31.484299976305135,B15,0,0,Tuesday,night,0
A597,2025-04-27 02:11:00,30.056159781493847,31.49157533530901,B9,0,1,Friday,night,0
A598,2025-04-22 04:02:00,30.06075677656108,31.4934739074461,B13,1,1,Sunday,night,0
A599,2025-04-25 17:41:00,30.05656669012573,31.48610667182212,B11,0,1,Wednesday,evening,1
A600,2025-04-05 18:00:00,30.059493819469054,31.491487810426836,B14,0,1,Thursday,evening,1
A601,2025-04-04 18:34:00,30.06102012749391,31.488356978058274,B10,1,0,Wednesday,evening,0
A602,2025-04-19 17:41:00,30.056774659969314,31.492980524857856,B14,0,1,Thursday,evening,1
A603,2025-04-28 13:42:00,30.06085080054841,31.49052977815593,B18,0,0,Saturday,afternoon,1
A604,2025-04-12 06:43:00,30.05948341992736,31.48633231212711,B20,1,0,Thursday,morning,1
A605,2025-04-18 19:11:00,30.05925877373049,31.493866473716114,B18,1,0,Wednesday,evening,1
A606,2025-04-25 21:16:00,30.061375610447044,31.489657203575618,B8,1,0,Wednesday,night,1
A607,2025-04-29 08:27:00,30.05972416174718,31.492566029791234,B17,0,0,Sunday,morning,1
A608,2025-04-29 11:11:00,30.055195679983495,31.493781559633177,B8,0,1,Sunday,morning,1
A609,2025-04-30 04:56:00,30.060660262825856,31.487930619095984,B3,1,1,Monday,night,1
A610,2025-04-10 21:16:00,30.05995440607584,31.48505472289433,B12,1,1,Tuesday,night,0
A611,2025-04-12 17:25:00,30.064947005823885,31.493978022791065,B14,0,0,Thursday,evening,1
A612,2025-04-27 16:45:00,30.056970080848394,31.491373208358734,B5,0,0,Friday,afternoon,0
A613,2025-04-02 19:38:00,30.06142755790272,31.487609250115838,B10,0,1,Monday,evening,0
A614,2025-04-20 07:22:00,30.05965966796106,31.49000220610303,B19,1,1,Friday,morning,0
A615,2025-04-15 14:49:00,30.05761734993552,31.484942375827384,B19,1,0,Sunday,afternoon,1
A616,2025-04-01 08:30:00,30.062335772540234,31.49203790253543,B19,0,0,Sunday,morning,0
A617,2025-04-08 10:51:00,30.0566770960632,31.492915620843174,B18,1,1,Sunday,morning,1
A618,2025-04-11 14:53:00,30.063827189636665,31.491052218874934,B17,1,0,Wednesday,afternoon,1
A619,2025-04-12 16:47:00,30.062433267433313,31.487986934229827,B12,0,0,Thursday,afternoon,1
A620,2025-04-24 14:48:00,30.06472581501208,31.493162023944524,B19,1,0,Tuesday,afternoon,1
A621,2025-04-24 00:50:00,30.063566587950685,31.491875727027022,B19,1,1,Tuesday,night,1
A622,2025-04-21 07:35:00,30.061239979227405,31.489456088031048,B6,0,1,Saturday,morning,1
A623,2025-04-23 23:50:00,30.059144769287784,31.486899342564012,B19,0,1,Monday,night,1
A624,2025-04-12 22:57:00,30.061670362064117,31.49144318674107,B12,0,1,Thursday,night,0
A625,2025-04-13 09:55:00,30.060612165656845,31.485066134323237,B4,0,0,Friday,morning,1
A626,2025-04-12 06:08:00,30.057783753649517,31.48463364229759,B14,0,1,Thursday,morning,0
A627,2025-04-16 05:40:00,30.059901611161482,31.489334036446905,B20,1,0,Monday,night,1
A628,2025-04-12 12:02:00,30.062497631385657,31.491075469933968,B5,0,1,Thursday,afternoon,1
A629,2025-04-21 14:27:00,30.057249341691303,31.49341850652385,B16,1,0,Saturday,afternoon,1
A630,2025-04-07 02:14:00,30.059003701690933,31.488610474194374,B2,1,0,Saturday,night,0
A631,2025-04-23 20:04:00,30.064155148642584,31.49074005604063,B18,1,0,Monday,evening,1
A632,2025-04-12 12:52:00,30.06416592599465,31.484235644504086,B3,0,0,Thursday,afternoon,0
A633,2025-04-27 03:11:00,30.055696622046355,31.48818410168338,B10,1,0,Friday,night,0
A634,2025-04-08 22:37:00,30.055078421286407,31.4857679279981,B12,0,1,Sunday,night,0
A635,2025-04-26 18:23:00,30.059245990324392,31.488095461727067,B17,1,0,Thursday,evening,0
A636,2025-04-24 13:35:00,30.055706897019807,31.491102005727917,B7,1,1,Tuesday,afternoon,1
A637,2025-04-06 19:47:00,30.063790283149483,31.4849133356137,B19,1,0,Friday,evening,1
A638,2025-04-19 22:43:00,30.062821441109868,31.485844924407584,B17,1,0,Thursday,night,1
A639,2025-04-03 18:32:00,30.0570863191578,31.491191293973486,B10,0,1,Tuesday,evening,1
A640,2025-04-22 20:33:00,30.063898330355528,31.492570837936107,B9,0,1,Sunday,evening,1
A641,2025-04-10 12:46:00,30.058393102759698,31.492037660953827,B18,0,1,Tuesday,afternoon,1
A642,2025-04-30 06:14:00,30.059433574738904,31.49327218646492,B16,1,0,Monday,morning,1
A643,2025-04-30 20:14:00,30.06117247803021,31.493345197947683,B8,0,1,Monday,evening,1
A644,2025-04-01 11:42:00,30.05645164094752,31.48725015720795,B12,0,0,Sunday,morning,1
A645,2025-04-10 22:58:00,30.057582152441316,31.486531797304902,B5,1,1,Tuesday,night,0
A646,2025-04-15 13:03:00,30.06252218738341,31.486930717821437,B17,1,1,Sunday,afternoon,0
A647,2025-04-26 17:19:00,30.058667332932426,31.491431492898908,B5,0,0,Thursday,evening,0
A648,2025-04-18 20:12:00,30.062787070082727,31.492242109103714,B1,0,0,Wednesday,evening,0
A649,2025-04-29 22:37:00,30.064665180207477,31.489132735033532,B13,0,1,Sunday,night,0
A650,2025-04-04 17:22:00,30.061646152582487,31.492652430710983,B15,0,1,Wednesday,evening,0
A651,2025-04-29 16:45:00,30.05912364348272,31.487850001764407,B19,0,1,Sunday,afternoon,1
A652,2025-04-25 11:40:00,30.063380417030242,31.48556821816763,B5,1,1,Wednesday,morning,1
A653,2025-04-30 01:55:00,30.06184159405023,31.491379763805714,B2,0,0,Monday,night,0
A654,2025-04-05 08:11:00,30.05969310405443,31.484489379605627,B4,0,0,Thursday,morning,0
A655,2025-04-25 01:50:00,30.064961113599015,31.49181441389657,B15,0,1,Wednesday,night,1
A656,2025-04-18 06:00:00,30.0627667717103,31.490169528839093,B12,1,1,Wednesday,morning,0
A657,2025-04-03 08:47:00,30.064763758586363,31.491760121937766,B5,0,0,Tuesday,morning,1
A658,2025-04-21 15:22:00,30.05726421530914,31.492133684887246,B2,0,0,Saturday,afternoon,1
A659,2025-04-10 22:32:00,30.06341979283984,31.486886702662858,B11,1,1,Tuesday,night,1
A660,2025-04-17 07:54:00,30.064026600597963,31.484367920677688,B11,0,0,Tuesday,morning,1
A661,2025-04-20 18:50:00,30.05860361250421,31.492722416861653,B19,1,1,Friday,evening,1
A662,2025-04-18 17:37:00,30.056583935179,31.484570331458976,B20,0,1,Wednesday,evening,1
A663,2025-04-05 09:42:00,30.058892696074086,31.491242437886633,B6,1,1,Thursday,morning,1
A664,2025-04-06 20:15:00,30.056376246158305,31.492511410560454,B16,1,1,Friday,evening,0
A665,2025-04-27 13:32:00,30.058936446423555,31.49048495271409,B19,1,1,Friday,afternoon,1
A666,2025-04-05 01:47:00,30.063307490997587,31.488757295621582,B19,0,1,Thursday,night,1
A667,2025-04-24 10:21:00,30.05608263440677,31.491335069727732,B18,0,1,Tuesday,morning,1
A668,2025-04-11 04:12:00,30.057867303627344,31.48439625734369,B14,0,1,Wednesday,night,0
A669,2025-04-01 06:50:00,30.059944261202517,31.48917385602021,B5,0,1,Sunday,morning,1
A670,2025-04-03 12:28:00,30.061031453223162,31.49292649791072,B18,1,0,Tuesday,afternoon,1
A671,2025-04-23 11:40:00,30.06176894846048,31.48989263888839,B1,1,0,Monday,morning,1
A672,2025-04-18 05:56:00,30.062645133478497,31.490120283067665,B11,1,1,Wednesday,night,0
A673,2025-04-16 09:54:00,30.057706394822873,31.484337965147905,B16,0,0,Monday,morning,0
A674,2025-04-17 05:37:00,30.057013659156247,31.48887411949695,B12,1,1,Tuesday,night,0
A675,2025-04-03 09:37:00,30.055974174000106,31.4933198529469,B17,0,1,Tuesday,morning,0
A676,2025-04-28 01:50:00,30.060138901217847,31.485510064034287,B6,0,1,Saturday,night,1
A677,2025-04-11 08:18:00,30.063450032502782,31.487067553375354,B4,1,1,Wednesday,morning,1
A678,2025-04-16 19:19:00,30.062314656178334,31.484521605763533,B20,0,1,Monday,evening,1
A679,2025-04-14 18:34:00,30.058862106200753,31.492654196834014,B12,1,1,Saturday,evening,1
A680,2025-04-05 10:35:00,30.058509605579076,31.48424639641632,B9,0,1,Thursday,morning,0
A681,2025-04-09 16:57:00,30.061162660807113,31.489903906742853,B14,0,1,Monday,afternoon,1
A682,2025-04-01 07:42:00,30.060772183003284,31.493024390434066,B16,1,0,Sunday,morning,1
A683,2025-04-23 03:26:00,30.063494519441527,31.486149919198596,B15,0,1,Monday,night,0
A684,2025-04-13 11:34:00,30.057676675997403,31.492191335829535,B14,1,0,Friday,morning,1
A685,2025-04-26 18:56:00,30.064675306240996,31.49313824770393,B2,0,1,Thursday,evening,0
A686,2025-04-06 12:21:00,30.05954408506087,31.485016129886013,B7,1,1,Friday,afternoon,0
A687,2025-04-30 19:10:00,30.061502217337093,31.492836213246537,B18,0,0,Monday,evening,1
A688,2025-04-01 17:59:00,30.05590876339524,31.484916705001012,B17,0,0,Sunday,evening,1
A689,2025-04-27 02:37:00,30.055125543832283,31.493975071835916,B15,0,1,Friday,night,1
A690,2025-04-04 14:04:00,30.06365110165701,31.492846581919345,B6,0,0,Wednesday,afternoon,1
A691,2025-04-14 07:25:00,30.05685919608503,31.49282937382877,B12,1,0,Saturday,morning,0
A692,2025-04-16 19:25:00,30.05847485071943,31.49007726101636,B13,0,0,Monday,evening,0
A693,2025-04-16 22:41:00,30.055657535934373,31.4862977293301,B1,1,0,Monday,night,0
A694,2025-04-14 00:37:00,30.064519324300115,31.490682212411453,B10,1,1,Saturday,night,0
A695,2025-04-09 14:12:00,30.055471360061272,31.487369665980758,B7,1,0,Monday,afternoon,0
A696,2025-04-21 13:07:00,30.055397615084264,31.491066583292678,B3,1,1,Saturday,afternoon,1
A697,2025-04-04 14:06:00,30.061020552159153,31.491842021202682,B18,1,1,Wednesday,afternoon,1
A698,2025-04-01 10:17:00,30.062744067931295,31.48804176592841,B9,1,0,Sunday,morning,1
A699,2025-04-08 23:43:00,30.055895317365863,31.48906741631769,B11,0,1,Sunday,night,1
A700,2025-04-16 09:29:00,30.062378607536836,31.489110435522875,B2,0,1,Monday,morning,1
A701,2025-04-20 04:07:00,30.05924846158175,31.489569597162465,B4,0,1,Friday,night,1
A702,2025-04-05 00:42:00,30.064279037208113,31.49052516214465,B12,1,1,Thursday,night,1
A703,2025-04-30 07:29:00,30.061748711158117,31.48853867373319,B19,1,1,Monday,morning,1
A704,2025-04-05 22:17:00,30.058807101543014,31.489407459746527,B2,0,1,Thursday,night,0
A705,2025-04-17 15:06:00,30.06359238182951,31.49079439214078,B3,1,1,Tuesday,afternoon,1
A706,2025-04-23 17:35:00,30.058339396216194,31.48753240548362,B6,1,0,Monday,evening,1
A707,2025-04-30 08:51:00,30.05664042685721,31.4885497249472,B4,0,1,Monday,morning,1
A708,2025-04-18 16:51:00,30.05743206319522,31.488210348051304,B18,0,1,Wednesday,afternoon,1
A709,2025-04-15 13:01:00,30.057221138771215,31.493267502338718,B11,0,1,Sunday,afternoon,1
A710,2025-04-04 21:13:00,30.056888369403776,31.492912032178996,B9,0,1,Wednesday,night,0
A711,2025-04-18 10:27:00,30.063230885405297,31.48593060958459,B10,0,0,Wednesday,morning,1
A712,2025-04-09 12:26:00,30.0560895337559,31.492281638737943,B2,0,0,Monday,afternoon,0
A713,2025-04-04 15:07:00,30.058547408573354,31.486966900057734,B19,1,1,Wednesday,afternoon,1
A714,2025-04-12 18:06:00,30.06439230521797,31.487508856071887,B5,1,1,Thursday,evening,1
A715,2025-04-14 11:20:00,30.061452164338263,31.489237775000667,B19,0,0,Saturday,morning,1
A716,2025-04-21 16:05:00,30.05919530871728,31.492422499649027,B14,1,0,Saturday,afternoon,1
A717,2025-04-29 17:41:00,30.05539958032728,31.48744788966043,B6,0,1,Sunday,evening,1
A718,2025-04-15 03:06:00,30.057445373700936,31.491865567442105,B18,1,0,Sunday,night,1
A719,2025-04-23 18:56:00,30.063495693580176,31.490543112102756,B12,0,0,Monday,evening,1
A720,2025-04-22 00:46:00,30.062792454123212,31.487329796846534,B20,0,1,Sunday,night,1
A721,2025-04-08 22:03:00,30.060539077501257,31.493628717279307,B18,0,0,Sunday,night,0
A722,2025-04-12 02:15:00,30.056649400710143,31.491972462579152,B19,1,0,Thursday,night,0
A723,2025-04-30 00:58:00,30.06154950851838,31.49218441042847,B19,0,0,Monday,night,1
A724,2025-04-01 16:04:00,30.05972626094723,31.487341580868684,B20,1,0,Sunday,afternoon,1
A725,2025-04-02 16:33:00,30.06213837318875,31.48424092429345,B7,0,0,Monday,afternoon,1
A726,2025-04-29 09:03:00,30.057401755002314,31.48427836247225,B20,1,1,Sunday,morning,1
A727,2025-04-27 09:36:00,30.055629474943238,31.48719936270126,B14,0,1,Friday,morning,0
A728,2025-04-11 07:13:00,30.06186553164637,31.488064732747798,B20,1,1,Wednesday,morning,1
A729,2025-04-21 09:12:00,30.05806769544349,31.492425974093408,B20,1,1,Saturday,morning,1
A730,2025-04-23 19:29:00,30.05717634680717,31.491007432729656,B18,1,1,Monday,evening,1
A731,2025-04-30 23:52:00,30.061524690117615,31.48926109311929,B5,0,0,Monday,night,0
A732,2025-04-02 04:42:00,30.05932536725652,31.492750666881037,B13,0,0,Monday,night,0
A733,2025-04-19 11:32:00,30.06161266650268,31.485638326382972,B16,0,1,Thursday,morning,1
A734,2025-04-05 08:17:00,30.064288452235463,31.49188007542462,B18,1,1,Thursday,morning,1
A735,2025-04-27 23:07:00,30.064392951008085,31.48746941892934,B5,1,0,Friday,night,0
A736,2025-04-06 21:31:00,30.056816765742965,31.491177019552932,B20,1,1,Friday,night,1
A737,2025-04-02 07:20:00,30.058877555333805,31.49335676143402,B6,1,0,Monday,morning,0
A738,2025-04-22 14:28:00,30.055366293987433,31.48720806969762,B14,0,0,Sunday,afternoon,0
A739,2025-04-30 01:19:00,30.05860528018227,31.485986062873838,B5,1,1,Monday,night,0
A740,2025-04-26 01:20:00,30.061058833278963,31.488686780878943,B11,1,1,Thursday,night,1
A741,2025-04-16 05:15:00,30.063476513083884,31.493329808948126,B10,0,0,Monday,night,1
A742,2025-04-23 08:59:00,30.062764022917982,31.493018771652075,B18,1,1,Monday,morning,1
A743,2025-04-08 21:35:00,30.060388445561735,31.493337827889004,B1,0,1,Sunday,night,0
A744,2025-04-20 12:00:00,30.064373834847654,31.48697307336673,B10,0,0,Friday,afternoon,1
A745,2025-04-07 15:17:00,30.056291820999707,31.4934050044897,B6,1,0,Saturday,afternoon,1
A746,2025-04-23 14:16:00,30.06323940169696,31.484492615583367,B3,1,1,Monday,afternoon,1
A747,2025-04-06 15:01:00,30.056972389971108,31.488724432106284,B10,0,1,Friday,afternoon,1
A748,2025-04-24 23:53:00,30.060561280852713,31.493128206466885,B17,1,0,Tuesday,night,0
A749,2025-04-03 05:08:00,30.057963022787924,31.486750782982902,B19,1,0,Tuesday,night,1
A750,2025-04-07 03:58:00,30.064493233829573,31.4844144274376,B4,1,1,Saturday,night,1
A751,2025-04-04 07:03:00,30.057790370033224,31.491309581235257,B6,0,1,Wednesday,morning,0
A752,2025-04-10 15:36:00,30.064259895217255,31.491626596391285,B4,0,1,Tuesday,afternoon,1
A753,2025-04-10 19:17:00,30.064314470318255,31.493473178368596,B1,0,1,Tuesday,evening,1
A754,2025-04-09 23:57:00,30.05754873495729,31.487033455638308,B8,1,0,Monday,night,1
A755,2025-05-01 03:39:00,30.062128852697885,31.492624565426656,B8,0,0,Tuesday,night,0
A756,2025-04-22 09:29:00,30.056653221574013,31.48585587636123,B17,0,1,Sunday,morning,1
A757,2025-04-10 00:37:00,30.06093517363043,31.490998107584083,B19,0,1,Tuesday,night,1
A758,2025-04-13 11:48:00,30.05823521067219,31.485383761978397,B11,0,0,Friday,morning,1
A759,2025-04-10 05:12:00,30.062147636528163,31.493205135831012,B18,0,0,Tuesday,night,0
A760,2025-04-13 14:52:00,30.064224794698344,31.49383465294611,B2,0,1,Friday,afternoon,1
A761,2025-04-15 18:08:00,30.062142326068596,31.486453153637683,B14,1,0,Sunday,evening,0
A762,2025-04-10 11:49:00,30.059453918965268,31.487018322177903,B1,0,0,Tuesday,morning,1
A763,2025-04-23 11:37:00,30.06296244194305,31.491138196623663,B20,0,0,Monday,morning,1
A764,2025-04-30 11:01:00,30.056042726728737,31.49295054961988,B14,0,1,Monday,morning,1
A765,2025-04-10 07:56:00,30.061291982371056,31.490528393423478,B20,0,1,Tuesday,morning,1
A766,2025-04-05 00:55:00,30.057287575434668,31.48688334556622,B1,1,0,Thursday,night,1
A767,2025-04-14 02:38:00,30.056396606050296,31.48828280634182,B3,0,1,Saturday,night,1
A768,2025-04-03 09:23:00,30.063277690922995,31.488556422063905,B1,0,0,Tuesday,morning,1
A769,2025-04-29 00:05:00,30.063613155488,31.484913470442766,B19,1,1,Sunday,night,1
A770,2025-04-08 07:10:00,30.05912793692898,31.484906261651567,B12,0,1,Sunday,morning,0
A771,2025-04-02 15:52:00,30.05912324552474,31.49329912205311,B19,0,1,Monday,afternoon,1
A772,2025-04-11 16:14:00,30.058323927703604,31.485490470938213,B15,1,1,Wednesday,afternoon,1
A773,2025-04-10 11:37:00,30.064631983954815,31.484766354904192,B14,0,1,Tuesday,morning,1
A774,2025-04-09 08:51:00,30.05548234895908,31.48888849607556,B4,1,0,Monday,morning,1
A775,2025-04-11 22:06:00,30.061959541519993,31.485779921811808,B1,1,1,Wednesday,night,0
A776,2025-04-15 04:14:00,30.057690057709998,31.489304951380966,B19,1,1,Sunday,night,1
A777,2025-04-15 05:10:00,30.05605269145953,31.4841684474769,B14,1,0,Sunday,night,0
A778,2025-04-08 23:44:00,30.058976550356228,31.485342787859192,B3,0,1,Sunday,night,0
A779,2025-04-09 06:09:00,30.05512441829388,31.489192480265633,B4,0,1,Monday,morning,1
A780,2025-04-26 18:07:00,30.06371541343783,31.487031294142415,B9,0,0,Thursday,evening,0
A781,2025-04-28 23:31:00,30.062284790023657,31.492748702549846,B2,1,0,Saturday,night,0
A782,2025-04-16 09:30:00,30.06389820828383,31.486642892866577,B19,1,0,Monday,morning,1
A783,2025-04-23 07:48:00,30.05706025958949,31.487739436712467,B15,0,0,Monday,morning,0
A784,2025-04-19 12:21:00,30.05651100829465,31.488918461709698,B3,1,0,Thursday,afternoon,1
A785,2025-04-24 09:52:00,30.05734590996299,31.488615082512627,B18,1,1,Tuesday,morning,1
A786,2025-04-23 23:41:00,30.059535542017265,31.491819199754502,B1,1,1,Monday,night,1
A787,2025-04-14 11:45:00,30.060476261851342,31.490882656630387,B3,0,0,Saturday,morning,0
A788,2025-04-28 08:14:00,30.05613898796081,31.490655858848534,B4,1,1,Saturday,morning,1
A789,2025-04-05 17:56:00,30.063119503489773,31.49372931841864,B10,1,0,Thursday,evening,0
A790,2025-04-30 18:30:00,30.057660500303385,31.484486353576855,B12,1,1,Monday,evening,1
A791,2025-04-02 10:33:00,30.055234621557748,31.487740710601823,B13,1,0,Monday,morning,0
A792,2025-04-20 04:07:00,30.05895317183134,31.488954694206313,B4,0,0,Friday,night,0
A793,2025-04-25 14:59:00,30.06349248651332,31.486794581942725,B15,0,1,Wednesday,afternoon,1
A794,2025-04-08 14:58:00,30.063869472373632,31.487660761845234,B17,1,0,Sunday,afternoon,0
A795,2025-04-06 13:33:00,30.060037703699884,31.48843214325959,B14,0,0,Friday,afternoon,0
A796,2025-04-09 01:55:00,30.06129092959681,31.488842148294893,B5,0,0,Monday,night,0
A797,2025-04-21 05:12:00,30.05845591800431,31.493237685514014,B1,0,0,Saturday,night,1
A798,2025-04-09 01:22:00,30.058643187565114,31.4924553138694,B6,0,1,Monday,night,1
A799,2025-04-20 04:10:00,30.064496127997494,31.493368664300846,B7,1,0,Friday,night,0
A800,2025-04-25 07:54:00,30.05715909456549,31.48808447984991,B5,0,1,Wednesday,morning,1
A801,2025-04-07 14:15:00,30.06090195291899,31.49101098975061,B3,1,1,Saturday,afternoon,1
A802,2025-04-25 12:52:00,30.05566154466635,31.485177697544113,B5,1,0,Wednesday,afternoon,0
A803,2025-04-29 06:36:00,30.060847515662715,31.49167488068933,B7,0,0,Sunday,morning,1
A804,2025-04-11 03:35:00,30.0555944963886,31.49210292026835,B1,0,1,Wednesday,night,1
A805,2025-05-01 04:56:00,30.064914211099715,31.492922890093478,B19,1,1,Tuesday,night,0
A806,2025-04-15 09:37:00,30.061652797293682,31.486587044233584,B10,1,1,Sunday,morning,1
A807,2025-04-17 20:16:00,30.060886141228043,31.484896666599255,B20,0,1,Tuesday,evening,1
A808,2025-04-04 11:57:00,30.05781439666289,31.489805926961857,B8,1,0,Wednesday,morning,0
A809,2025-04-19 12:20:00,30.061041451287714,31.487378274725447,B4,0,0,Thursday,afternoon,0
A810,2025-04-02 03:38:00,30.056737401287045,31.486727908521694,B8,0,0,Monday,night,0
A811,2025-04-01 22:07:00,30.06298950606009,31.485225174164658,B6,0,1,Sunday,night,0
A812,2025-04-19 23:22:00,30.058900688667958,31.488891364470906,B3,0,0,Thursday,night,0
A813,2025-04-22 08:22:00,30.05876604532369,31.48475786498924,B15,1,1,Sunday,morning,1
A814,2025-04-12 20:29:00,30.059805293384077,31.48686179256454,B19,1,0,Thursday,evening,0
A815,2025-04-20 17:23:00,30.056111687111834,31.493211864108304,B7,1,1,Friday,evening,0
A816,2025-04-09 23:10:00,30.056526658811187,31.48697848917555,B5,0,0,Monday,night,0
A817,2025-04-19 18:28:00,30.063924805427877,31.488242114519196,B18,1,0,Thursday,evening,1
A818,2025-04-03 21:34:00,30.056740166810727,31.493673510509197,B9,1,1,Tuesday,night,1
A819,2025-04-03 12:06:00,30.05716371863068,31.485732400241933,B20,1,0,Tuesday,afternoon,1
A820,2025-04-09 18:34:00,30.064090058251324,31.491013260707682,B13,0,0,Monday,evening,0
A821,2025-04-09 03:40:00,30.06290725335065,31.486795205510887,B7,1,0,Monday,night,0
A822,2025-04-24 20:47:00,30.06308981497511,31.485066470702552,B4,1,1,Tuesday,evening,1
A823,2025-04-10 18:44:00,30.064029077633272,31.486303934366134,B13,0,1,Tuesday,evening,1
A824,2025-04-13 06:53:00,30.055468094553568,31.491846075321803,B9,0,0,Friday,morning,1
A825,2025-04-17 09:16:00,30.05886442190765,31.48633067629957,B18,1,0,Tuesday,morning,1
A826,2025-04-25 15:53:00,30.059592712423413,31.490316865388806,B6,0,1,Wednesday,afternoon,1
A827,2025-04-07 17:13:00,30.05820155878387,31.4905688694079,B3,1,0,Saturday,evening,1
A828,2025-04-05 13:00:00,30.05710340761109,31.491492194943547,B3,0,0,Thursday,afternoon,1
A829,2025-04-06 07:50:00,30.061918926665278,31.484807086697696,B18,1,1,Friday,morning,0
A830,2025-04-30 19:45:00,30.061587630269575,31.48818223358358,B9,1,1,Monday,evening,1
A831,2025-04-14 12:25:00,30.064022311484802,31.484366693330426,B12,0,1,Saturday,afternoon,1
A832,2025-04-09 13:41:00,30.06342596371086,31.493979369409363,B7,1,0,Monday,afternoon,1
A833,2025-04-16 19:18:00,30.06049233526252,31.487970512444743,B1,0,1,Monday,evening,0
A834,2025-04-08 11:52:00,30.06159922948188,31.493398743056332,B9,0,0,Sunday,morning,1
A835,2025-04-14 11:35:00,30.056365907062727,31.493883431209213,B8,1,1,Saturday,morning,1
A836,2025-04-02 16:37:00,30.06408688390271,31.48888908888714,B13,1,0,Monday,afternoon,1
A837,2025-04-03 04:38:00,30.056572016290122,31.490407158755684,B13,0,0,Tuesday,night,1
A838,2025-04-24 18:22:00,30.059766965860252,31.485781860695507,B14,0,0,Tuesday,evening,0
A839,2025-04-28 10:35:00,30.061081681426764,31.49272313906086,B19,1,1,Saturday,morning,0
A840,2025-04-27 04:18:00,30.057640966304515,31.491792419496548,B20,0,1,Friday,night,1
A841,2025-04-25 08:47:00,30.06489380743944,31.485141572503725,B7,1,1,Wednesday,morning,0
A842,2025-04-21 03:38:00,30.060836075313706,31.491161564716634,B19,1,1,Saturday,night,1
A843,2025-04-02 02:11:00,30.06183659218234,31.484076817989255,B7,1,0,Monday,night,0
A844,2025-04-30 20:54:00,30.06388481300865,31.49372494129932,B16,1,0,Monday,evening,0
A845,2025-04-13 10:51:00,30.055919576623552,31.49031891177276,B4,1,0,Friday,morning,1
A846,2025-04-19 18:53:00,30.06325495240199,31.49034135106293,B7,0,1,Thursday,evening,0
A847,2025-04-24 14:58:00,30.06208717878596,31.487036177334677,B7,0,1,Tuesday,afternoon,1
A848,2025-04-16 18:10:00,30.060573744353302,31.48789639986581,B10,0,0,Monday,evening,0
A849,2025-04-20 17:21:00,30.061816263244804,31.485138169821127,B5,1,1,Friday,evening,1
A850,2025-04-22 10:15:00,30.056171434315885,31.488971148970634,B17,1,0,Sunday,morning,1
A851,2025-04-13 10:49:00,30.058458725665613,31.484346799807387,B8,1,1,Friday,morning,1
A852,2025-04-24 17:09:00,30.063189327792365,31.488226873021144,B18,1,0,Tuesday,evening,0
A853,2025-04-10 04:19:00,30.058427249499818,31.492677822159585,B7,0,1,Tuesday,night,1
A854,2025-04-14 00:30:00,30.05644182043853,31.49299060324167,B1,1,1,Saturday,night,0
A855,2025-04-02 19:50:00,30.058917285024382,31.492446035279993,B9,0,0,Monday,evening,0
A856,2025-04-15 18:28:00,30.06371006941015,31.486368129529986,B19,1,0,Sunday,evening,0
A857,2025-04-23 01:17:00,30.055413550163603,31.492462730279108,B13,0,1,Monday,night,0
A858,2025-04-06 21:54:00,30.06358441355013,31.488622202079068,B15,1,0,Friday,night,0
A859,2025-04-16 20:45:00,30.057075886654513,31.489127215440305,B1,1,1,Monday,evening,0
A860,2025-04-10 02:00:00,30.056354647042145,31.49224622945081,B6,0,1,Tuesday,night,1
A861,2025-04-16 16:58:00,30.057792096763954,31.487157386513143,B10,0,1,Monday,afternoon,0
A862,2025-04-17 02:45:00,30.060303236136864,31.48906665425563,B20,0,0,Tuesday,night,0
A863,2025-04-12 06:22:00,30.05730526948179,31.490362176897403,B17,0,1,Thursday,morning,1
A864,2025-04-20 09:19:00,30.060512195272896,31.49184182478849,B14,0,0,Friday,morning,0
A865,2025-04-26 22:24:00,30.061574311330105,31.48709007966395,B16,1,0,Thursday,night,1
A866,2025-04-16 13:07:00,30.062177040433554,31.493733133277132,B19,0,1,Monday,afternoon,1
A867,2025-04-22 06:46:00,30.05727130450193,31.492661352582175,B10,0,1,Sunday,morning,1
A868,2025-04-08 18:57:00,30.061212268282766,31.490858025035884,B16,0,0,Sunday,evening,1
A869,2025-04-26 13:54:00,30.06345481079852,31.49317767765772,B4,0,1,Thursday,afternoon,1
A870,2025-04-26 20:26:00,30.059636471888485,31.49032561865504,B19,1,1,Thursday,evening,1
A871,2025-04-07 03:12:00,30.055315295792493,31.489677690961074,B12,1,0,Saturday,night,0
A872,2025-04-03 00:11:00,30.062098893550168,31.492569302157605,B17,1,1,Tuesday,night,1
A873,2025-04-27 23:36:00,30.060442486418957,31.49045811816191,B12,0,0,Friday,night,0
A874,2025-04-06 21:28:00,30.06337592488316,31.49317329931184,B1,0,1,Friday,night,1
A875,2025-04-11 19:33:00,30.061731983348956,31.48556379653662,B14,0,1,Wednesday,evening,0
A876,2025-04-02 03:09:00,30.064715495632477,31.493452948249686,B4,0,1,Monday,night,0
A877,2025-04-04 16:14:00,30.064605897438202,31.491652242292208,B20,1,0,Wednesday,afternoon,1
A878,2025-04-14 03:14:00,30.06021445632958,31.485153169519005,B1,0,1,Saturday,night,1
A879,2025-04-23 02:57:00,30.058291994081372,31.490646815177314,B16,1,1,Monday,night,1
A880,2025-04-18 05:33:00,30.059945211124653,31.484441475613853,B19,0,1,Wednesday,night,0
A881,2025-04-12 07:21:00,30.05759515878957,31.490059275569553,B1,0,1,Thursday,morning,1
A882,2025-04-02 07:48:00,30.05503677553145,31.489722351538486,B14,1,0,Monday,morning,1
A883,2025-04-29 02:54:00,30.058706400598464,31.48886856914443,B14,0,1,Sunday,night,0
A884,2025-04-18 07:45:00,30.057515242940884,31.48408114319497,B15,0,1,Wednesday,morning,1
A885,2025-04-03 16:23:00,30.062200545943647,31.493964713822063,B7,0,0,Tuesday,afternoon,0
A886,2025-04-26 03:55:00,30.05828882514587,31.48471219616267,B9,1,1,Thursday,night,1
A887,2025-04-02 04:58:00,30.06026980375633,31.49252018880785,B13,1,0,Monday,night,0
A888,2025-04-27 13:30:00,30.060236908026337,31.488704791669658,B12,1,0,Friday,afternoon,1
A889,2025-04-16 16:36:00,30.057984962568067,31.48554676449791,B13,0,0,Monday,afternoon,0
A890,2025-04-22 09:05:00,30.05932628225254,31.4898993375754,B9,0,1,Sunday,morning,1
A891,2025-04-12 05:07:00,30.0646264897331,31.484835915153358,B4,0,1,Thursday,night,1
A892,2025-04-05 04:50:00,30.06226601395429,31.489472202169633,B5,0,0,Thursday,night,1
A893,2025-04-23 17:24:00,30.05643413143335,31.491328774412548,B20,0,1,Monday,evening,1
A894,2025-04-08 19:24:00,30.0636066983456,31.48951820991568,B15,0,0,Sunday,evening,0
A895,2025-04-04 11:55:00,30.057666193686753,31.48890765232483,B6,1,0,Wednesday,morning,1
A896,2025-04-08 00:05:00,30.06282189748584,31.49062348169571,B6,1,0,Sunday,night,1
A897,2025-04-27 02:53:00,30.063967721151283,31.49001061776114,B19,1,1,Friday,night,0
A898,2025-04-27 19:59:00,30.060810035070315,31.48978339207747,B19,0,1,Friday,evening,1
A899,2025-04-06 11:39:00,30.061853791242473,31.492765228064226,B17,0,1,Friday,morning,0
A900,2025-04-15 18:31:00,30.06364382065886,31.4903807734561,B3,1,0,Sunday,evening,0
A901,2025-04-17 18:42:00,30.05555698268875,31.491283872327465,B20,1,0,Tuesday,evening,0
A902,2025-04-28 17:04:00,30.062977106155238,31.48985261927587,B5,1,0,Saturday,evening,0
A903,2025-04-26 17:40:00,30.063780933390866,31.49074894189509,B5,0,1,Thursday,evening,1
A904,2025-04-25 07:04:00,30.063280977217378,31.489648005661756,B4,0,0,Wednesday,morning,1
A905,2025-04-14 12:45:00,30.05924340479662,31.486960621451278,B20,0,0,Saturday,afternoon,1
A906,2025-04-26 11:51:00,30.05757627702514,31.491907788509295,B1,0,0,Thursday,morning,1
A907,2025-04-11 14:36:00,30.056334592161434,31.484796897870023,B15,0,1,Wednesday,afternoon,1
A908,2025-04-10 10:24:00,30.063338415070138,31.485403423773842,B7,0,0,Tuesday,morning,0
A909,2025-04-23 08:46:00,30.056471203133555,31.48924923372829,B11,0,1,Monday,morning,1
A910,2025-04-11 22:39:00,30.06218591977293,31.489790267522427,B6,1,0,Wednesday,night,1
A911,2025-04-18 18:26:00,30.055612817708898,31.488601873433645,B20,0,1,Wednesday,evening,0
A912,2025-04-11 10:21:00,30.062368412871987,31.488665132126787,B2,0,0,Wednesday,morning,1
A913,2025-04-17 13:39:00,30.057412714428473,31.49129837593358,B4,0,0,Tuesday,afternoon,0
A914,2025-04-09 12:11:00,30.064747923736025,31.484591980826593,B4,0,1,Monday,afternoon,1
A915,2025-04-12 22:55:00,30.060807358232868,31.484581964676007,B17,0,0,Thursday,night,0
A916,2025-04-02 17:25:00,30.06276800073251,31.484377197512263,B15,1,1,Monday,evening,1
A917,2025-04-07 19:24:00,30.057073908157783,31.48853840692344,B2,1,1,Saturday,evening,1
A918,2025-04-15 03:49:00,30.05856663848888,31.48760313551932,B18,1,0,Sunday,night,0
A919,2025-04-10 22:07:00,30.062364994227817,31.48498717531911,B9,0,0,Tuesday,night,1
A920,2025-04-13 17:00:00,30.05723294017956,31.487042963539928,B2,1,0,Friday,evening,0
A921,2025-04-02 06:53:00,30.061528183607702,31.486111564291086,B6,0,0,Monday,morning,0
A922,2025-04-07 03:12:00,30.056739931500484,31.487003137209594,B8,1,1,Saturday,night,1
A923,2025-04-03 17:30:00,30.06398389245435,31.489417610838867,B6,1,0,Tuesday,evening,0
A924,2025-04-18 01:17:00,30.06232272128638,31.485070456773208,B16,0,0,Wednesday,night,1
A925,2025-04-29 17:12:00,30.06027468506307,31.492632286551537,B8,1,0,Sunday,evening,0
A926,2025-04-28 18:26:00,30.062217784201003,31.487713446254013,B18,0,0,Saturday,evening,1
A927,2025-04-01 06:32:00,30.057506179101264,31.486597757307557,B1,1,1,Sunday,morning,0
A928,2025-04-12 11:05:00,30.057114339748,31.487328472534823,B18,0,0,Thursday,morning,0
A929,2025-04-13 18:25:00,30.06393978375733,31.484638263067005,B20,1,1,Friday,evening,0
A930,2025-04-17 19:28:00,30.064859433267195,31.49000825771475,B17,1,1,Tuesday,evening,0
A931,2025-04-13 04:15:00,30.06408682889896,31.490204057568672,B3,0,1,Friday,night,1
A932,2025-04-23 15:06:00,30.064994946207158,31.490370261046035,B14,0,0,Monday,afternoon,1
A933,2025-04-07 09:13:00,30.058414687657223,31.48839117105292,B11,0,0,Saturday,morning,0
A934,2025-04-25 11:58:00,30.056434493938244,31.485876188346243,B20,1,0,Wednesday,morning,1
A935,2025-04-11 01:43:00,30.06078966781157,31.484830517922457,B15,0,0,Wednesday,night,0
A936,2025-04-08 10:52:00,30.056522007206283,31.48409485050662,B3,0,0,Sunday,morning,0
A937,2025-04-06 21:07:00,30.056788012019872,31.493758486397912,B9,1,1,Friday,night,0
A938,2025-04-05 14:10:00,30.064404364211164,31.491137915916635,B1,1,0,Thursday,afternoon,1
A939,2025-04-17 19:06:00,30.062375245053666,31.4849680393795,B11,0,1,Tuesday,evening,0
A940,2025-04-06 02:04:00,30.059312584637517,31.492261520783405,B6,0,0,Friday,night,0
A941,2025-04-29 13:51:00,30.05571384630199,31.492407762710922,B10,1,1,Sunday,afternoon,1
A942,2025-04-04 13:16:00,30.055504694403812,31.48760589500608,B15,0,0,Wednesday,afternoon,0
A943,2025-04-27 20:24:00,30.061818792985022,31.49161849320507,B8,1,1,Friday,evening,1
A944,2025-04-19 17:53:00,30.055105310563235,31.48500590076045,B17,0,0,Thursday,evening,1
A945,2025-04-06 23:02:00,30.05591175773204,31.493663465655995,B5,0,1,Friday,night,1
A946,2025-04-16 22:19:00,30.058358535277677,31.489831681825585,B9,0,1,Monday,night,1
A947,2025-04-29 07:31:00,30.064007716967815,31.48995550913406,B16,0,1,Sunday,morning,1
A948,2025-04-22 00:37:00,30.055930161315974,31.489662146401894,B12,1,0,Sunday,night,1
A949,2025-04-26 01:50:00,30.05983785733912,31.491715117633955,B7,0,1,Thursday,night,1
A950,2025-04-05 14:07:00,30.062758250283327,31.48542493566067,B13,1,1,Thursday,afternoon,1
A951,2025-04-08 00:21:00,30.060779565901832,31.492660313414447,B15,1,0,Sunday,night,1
A952,2025-04-24 00:08:00,30.060274304007727,31.484026504775066,B9,0,1,Tuesday,night,1
A953,2025-04-03 15:54:00,30.061762989729804,31.491012925631303,B14,1,1,Tuesday,afternoon,0
A954,2025-04-19 13:08:00,30.055239439583897,31.488271918317412,B18,0,0,Thursday,afternoon,0
A955,2025-04-28 04:44:00,30.06239203434107,31.48955360899012,B3,1,0,Saturday,night,1
A956,2025-04-13 10:46:00,30.05954056404886,31.492002101236714,B12,1,0,Friday,morning,1
A957,2025-04-20 10:31:00,30.056499888636473,31.490932303239283,B8,1,0,Friday,morning,1
A958,2025-04-14 14:11:00,30.05915072161302,31.48913976502649,B16,0,1,Saturday,afternoon,1
A959,2025-04-02 16:29:00,30.059070369717332,31.49381549300699,B20,1,1,Monday,afternoon,1
A960,2025-04-26 09:16:00,30.05808270472973,31.489440604718435,B12,0,1,Thursday,morning,1
A961,2025-04-12 18:09:00,30.05610914673333,31.490642551908326,B20,1,1,Thursday,evening,0
A962,2025-04-14 15:55:00,30.060391788043926,31.490610902919613,B5,1,1,Saturday,afternoon,0
A963,2025-04-09 06:47:00,30.064857864065438,31.491072278690527,B11,1,0,Monday,morning,1
A964,2025-04-24 18:57:00,30.05892003559482,31.491078337077973,B14,1,1,Tuesday,evening,1
A965,2025-04-17 08:46:00,30.06051432336283,31.48768099076249,B7,0,0,Tuesday,morning,1
A966,2025-04-19 15:13:00,30.05609479035766,31.490724126809813,B1,0,0,Thursday,afternoon,0
A967,2025-04-10 01:08:00,30.059697799272026,31.485532464338537,B12,1,0,Tuesday,night,0
A968,2025-04-19 23:45:00,30.05741213598707,31.4936441885425,B20,0,0,Thursday,night,1
A969,2025-04-01 10:57:00,30.059877792667894,31.486850478299317,B2,1,1,Sunday,morning,1
A970,2025-04-08 23:46:00,30.064258428354602,31.493706795261456,B9,1,1,Sunday,night,1
A971,2025-04-09 18:42:00,30.059319352666545,31.48511599746295,B20,0,1,Monday,evening,0
A972,2025-04-17 17:21:00,30.055004650386437,31.486284302413235,B13,0,0,Tuesday,evening,0
A973,2025-04-26 01:52:00,30.061019609105198,31.492159973549423,B14,0,1,Thursday,night,1
A974,2025-04-05 09:01:00,30.06384453737365,31.48932874995292,B14,0,1,Thursday,morning,1
A975,2025-04-22 09:37:00,30.057554842771456,31.493252177656437,B5,0,1,Sunday,morning,0
A976,2025-04-28 07:12:00,30.06060340729178,31.49323539772575,B19,0,0,Saturday,morning,1
A977,2025-04-18 07:48:00,30.058824680926165,31.49216128551046,B13,1,1,Wednesday,morning,1
A978,2025-04-24 03:19:00,30.061461306251644,31.490719808791194,B3,1,0,Tuesday,night,1
A979,2025-04-01 08:09:00,30.057310328617344,31.48422012060984,B20,1,0,Sunday,morning,0
A980,2025-04-07 06:36:00,30.06188033616053,31.492685267852583,B1,0,0,Saturday,morning,0
A981,2025-04-29 17:05:00,30.058912341022893,31.488892999285017,B10,1,0,Sunday,evening,0
A982,2025-04-17 18:49:00,30.06054649273666,31.49305151139046,B12,1,0,Tuesday,evening,0
A983,2025-04-16 02:17:00,30.059389443631687,31.49234619703391,B13,0,0,Monday,night,0
A984,2025-04-25 09:31:00,30.05762045866413,31.486675186469494,B5,1,0,Wednesday,morning,1
A985,2025-04-22 07:23:00,30.057147334387572,31.4924442688529,B17,1,0,Sunday,morning,1
A986,2025-04-25 23:31:00,30.05819247998169,31.493536422478552,B2,0,1,Wednesday,night,0
A987,2025-04-30 07:17:00,30.06049205802456,31.492953552487304,B9,1,0,Monday,morning,1
A988,2025-04-25 09:06:00,30.05720708694003,31.492909961887737,B9,0,1,Wednesday,morning,1
A989,2025-04-16 10:02:00,30.056186933277502,31.490755537852266,B7,0,0,Monday,morning,1
A990,2025-04-14 18:00:00,30.063482429155908,31.488857759889576,B8,0,1,Saturday,evening,1
A991,2025-04-06 09:04:00,30.055915199766247,31.48416308178569,B9,1,1,Friday,morning,1
A992,2025-04-30 14:44:00,30.055154783677015,31.4905119714463,B19,0,0,Monday,afternoon,0
A993,2025-04-07 03:06:00,30.05850451656152,31.48673236464737,B18,1,1,Saturday,night,1
A994,2025-04-08 16:18:00,30.060622305015247,31.490496672551288,B16,1,1,Sunday,afternoon,1
A995,2025-04-16 01:59:00,30.05819665789863,31.490205203466672,B12,1,0,Monday,night,0
A996,2025-04-09 07:53:00,30.061208608502568,31.493458817110266,B2,0,1,Monday,morning,1
A997,2025-04-08 09:05:00,30.059463724671733,31.493757615475747,B7,1,0,Sunday,morning,1
A998,2025-04-30 21:15:00,30.0594850115789,31.493032050262308,B4,0,0,Monday,night,1
A999,2025-04-12 01:29:00,30.06281601370288,31.490908747090536,B13,0,0,Thursday,night,0
A1000,2025-04-20 07:03:00,30.063943279771493,31.491712275797045,B14,1,0,Friday,morning,1
